du_dx,dv_dy,dp_dx,k,mu_t
0.4967141530112327,1.3993554365860021,-0.6751782749743815,8.205528271892103,1.4020533634900578
-0.13826430117118466,0.9246336829127688,-0.14451867071551783,9.837315344485264,0.9540784187337982
0.6476885381006925,0.05963036992017413,-0.7924199209999613,2.6707413056090985,0.17587758215399643
1.5230298564080254,-0.6469367777055739,-0.3079615296390403,9.700263964699973,1.8903082849122446
-0.23415337472333597,0.6982233136135899,-1.8936146669537857,4.369215310936423,0.3692098949053297
-0.23413695694918055,0.3934853854217496,0.21329370737293857,3.540436073606171,0.19757845859250983
1.5792128155073915,0.8951932200277323,0.0012054753622242368,0.5984603169965971,0.13335384568336517
0.7674347291529088,0.6351718016819695,-0.8170886310681906,0.6223760528100659,0.0753092739461118
-0.4694743859349521,1.0495527153193351,0.6592456684324051,6.950911433871881,0.9486327041234177
0.5425600435859647,-0.535235211560568,0.9375701376265584,4.633497044896876,0.4515774352060218
-0.46341769281246226,1.3173940656343257,-1.6075598643689741,2.3425640977574465,0.36551632512233806
-0.46572975357025687,0.19759960469239965,-0.7627247785662142,6.178306032619803,0.3586838715492196
0.24196227156603412,2.0752608726252655,-0.7691423497872982,2.6032953706761006,0.5290320400303935
-1.913280244657798,-0.6891878180895679,-0.9399031011088647,5.818554368009783,1.3468314612243808
-1.7249178325130328,1.7359638031652493,0.8294748419317485,3.6561665951286346,1.1266475574232926
-0.5622875292409727,0.1979107834626478,-0.19382613877280352,8.253167043457008,0.5662585545487844
-1.0128311203344238,-0.6514180036144483,-0.26451484131061076,8.224891991591115,1.2230163610872455
0.3142473325952739,-0.48388583405432156,-2.0038623644067535,4.825768941411773,0.3517807068478529
-0.9080240755212109,-0.32034730819432017,0.6354180302092264,3.5731091824166548,0.3953665938389891
-1.4123037013352915,0.4241659464019164,-1.2392583948534726,3.689341985935036,0.5900977698219181
1.465648768921554,0.5228354880354996,0.05993263026632825,8.076573804115357,1.4519623432093787
-0.22577630048653566,-0.573700003938579,0.2773769379581917,3.348976879696359,0.24907647580054879
0.06752820468792384,-0.02435459226098284,1.360658595838651,2.1696877996977757,0.008003501770445043
-1.4247481862134568,2.1422703586118637,-1.308820399119112,0.9384145845655376,0.30546271575813383
-0.5443827245251827,1.7275431701007113,-3.0195121558208253,4.720261896755643,0.9566026885648654
0.11092258970986608,0.4363236696740321,0.18384954475369486,4.873107779306435,0.24098780410948523
-1.1509935774223028,0.03800347816820029,1.8005111815108537,8.42499623298878,0.8889116302250769
0.37569801834567196,0.1200313267182613,1.2389463529394373,2.2902630948160336,0.08425049163620667
-0.600638689918805,0.6135179727304166,0.20965941527462578,3.8718136093171593,0.41926077422982266
-0.2916937497932768,-1.0227925651984056,-0.49163618563204736,8.10321681504754,0.9574037955083946
-0.6017066122293969,-0.2573765374233451,0.8071225966373103,8.253873746414838,0.6341919500054062
1.8522781845089378,-1.6685840738775894,-0.9735461997044687,3.9076496521898054,1.2264063505630838
-0.013497224737933921,0.39922312260527926,0.47635776935621926,4.6453278305381405,0.1685509277955403
-1.0577109289559004,0.647195939702741,0.5054701591666269,3.1025303194079012,0.47875022018602703
0.822544912103189,-0.483186462299374,1.0602099074988798,9.332293296351189,1.0962432033942962
-1.2208436499710222,1.5739867632900328,2.7596600389110777,1.2745732808416452,0.32242446553634596
0.2088635950047554,-1.2257656630023412,0.39241596717876703,9.344119287714554,1.1997800708371935
-1.9596701238797756,-1.4643748802098202,-0.5089636257074988,6.870277873169898,2.128889835697283
-1.3281860488984305,0.22445181855997204,-0.025574312191994436,5.362564311598638,0.7375891041526663
0.19686123586912352,1.0470983026121545,-1.7690759048891183,0.42332470176650916,0.052269495028214416
0.7384665799954104,1.6839276914578687,-0.6947131310890582,4.808402299037882,1.0601250674924922
0.1713682811899705,-0.45888426286894,-0.409282438113104,4.136706239527049,0.23945434776125518
-0.11564828238824053,1.0786808334312956,-0.5240883979345925,1.6960662385537135,0.1802842739250418
-0.3011036955892888,-0.03850846950070721,0.152354872033722,6.598455074656504,0.1963994348071552
-1.4785219903674274,-0.17262729994081963,-0.8224199323822006,9.71439398294603,1.4539532022749064
-0.7198442083947086,0.8836599374866724,1.1210306673244714,5.665669229538799,0.8034134196356062
-0.4606387709597875,0.6523228784134196,0.00020706491819709385,7.176057436795063,0.7090996622729108
1.0571222262189157,-1.5763921569842494,-0.009300321138614417,0.7776594804035661,0.180342390764021
0.3436182895684614,1.4765403497258958,-0.32789471651291785,4.234903258588248,0.7061141553176902
-1.763040155362734,1.3800913541474515,0.15519068385897913,1.2519490031285092,0.35795130876338643
0.324083969394795,-0.6255627015095294,0.8250982646676347,6.166678771811453,0.5173744793717377
-0.38508228041631654,0.39580353343740904,-0.8671302157109003,9.39097336632013,0.6568919321495309
-0.6769220003059587,0.4940301862827388,-0.6581164890752567,6.651599551469221,0.6948402220785127
0.6116762888408679,0.2606737658239071,-0.30372602877666466,0.8603501783127732,0.06044949733504435
1.030999522495951,-0.5503051538454201,-1.345870923473215,3.6111954293523203,0.5237249153511346
0.9312801191161986,-0.6716233679380516,-0.8192578597214978,5.55156745646443,0.7871589838199006
-0.8392175232226385,-0.025554070991445278,-0.47622087354465903,4.0917567857191965,0.3345469620423853
-0.3092123758512146,1.1727290192593647,0.8743891807127275,8.353075703704206,1.1223714764648987
0.33126343140356396,0.5436001545944323,0.26256132900192497,8.165242946628894,0.6538212519409708
0.9755451271223592,-0.37061433208610595,0.19358991136754436,6.157127099021892,0.741333344610486
-0.47917423784528995,0.7716987106483447,0.8508979621679722,3.7972336568137823,0.4259877102468219
-0.18565897666381712,-2.8485426206300755,-0.13737178839939665,2.627830100256117,0.70327144774002
-1.1063349740060282,1.1487657003721035,0.3904648499288896,1.1481557503099804,0.22778198854269696
-1.1962066240806708,-1.7397137787780996,-0.10322175293249623,3.613487066516885,0.9597384848412205
0.812525822394198,-0.36244094140313216,0.26536234939962844,4.1904079203564235,0.4560837336032838
1.356240028570823,-1.1196698946261439,-0.5827586576115821,6.790646958530329,1.502101148891704
-0.07201012158033385,-1.2946814757209058,-2.438817158276429,6.615782260545977,0.8101010028857982
1.0035328978920242,1.1608267873785194,-0.13427916218630415,0.7940705824484439,0.15316589982963874
0.36163602504763415,-0.46770120131189136,1.42274813609994,4.013067222768462,0.28557885155333596
-0.6451197546051243,0.3465038817307158,0.9262154022415924,1.899610785451883,0.175446398339916
0.36139560550841393,-0.04692057887918407,0.9653974845911707,1.6524457826363765,0.05348492880118561
1.5380365664659692,0.47704082722312147,1.2361307218062179,8.290291282398735,1.501548166011579
-0.03582603910995154,0.07682189106025536,0.08865759096143744,0.5149606454909496,0.0007013388559114469
1.5646436558140062,-1.2829922241885696,0.1973157074055956,4.249910471431001,1.0813043940149054
-2.6197451040897444,0.99626681944714,-0.6176518954343502,1.7652161920885303,0.5744034019843196
0.8219025043752238,-0.4937565831613125,-0.31607285602704976,8.805369135216893,1.040481657181885
0.08704706823817122,-1.556581898659751,0.6157711497711416,5.614701081422847,0.8268451015881846
-0.29900735046586746,-0.4281151609659125,1.2038844371688162,2.3906683001307956,0.1491631702384269
0.0917607765355023,1.5007597906343109,-0.13944627568099954,5.074030142947127,0.7304400092052894
-1.9875689146008928,0.8502217421134929,-0.4501892648514116,7.3417149610608465,1.891618683553205
-0.21967188783751193,-0.3486521344078592,0.0005279588565972928,9.585368288302394,0.49168242775640325
0.3571125715117464,-0.3492577043184288,0.6012067489291149,2.282415442029648,0.1550619204302093
1.477894044741516,-0.3216350512173826,-1.4438548161335418,8.873199544080517,1.4231800485924568
-0.5182702182736474,2.076747983560841,-2.296180953137238,9.349610730258153,2.1851945166507627
-0.8084936028931876,0.38193545223155334,-0.5505368494915835,9.172563390867456,0.9717620541518814
-0.5017570435845365,0.43004164719106963,-1.2207124259141586,6.390602132932907,0.521158673790802
0.9154021177020741,1.0302834540318422,-0.5081401976473109,6.335224478903606,1.1019782235322535
0.32875110965968446,0.23878915902651351,-0.14778031881747153,4.091785268519845,0.2209217553073139
-0.5297602037670388,-0.2590421458207031,-0.4532484090230134,7.5487390348075,0.5454018361239737
0.5132674331133561,-0.19634984908497827,1.4524675344707454,5.359810781674226,0.34473733961955355
0.09707754934804039,-0.07160125941406395,0.32674476460232005,6.806636905160115,0.08800518083657333
0.9686449905328892,-0.03722223650984159,0.30047435961082836,4.341733248103075,0.39108583994070084
-0.7020530938773524,0.7276295436369798,0.6222071440434019,7.341814994027077,0.9476988883212785
-0.3276621465977682,0.05194588580729943,-1.1388331177807691,8.262268024285035,0.28403346000697927
-0.39210815313215763,0.7326400772155792,1.0391117874202687,1.5497189403678797,0.13843599137955537
-1.4635149481321186,-0.08071658010858232,-0.07576428653545988,8.346004184184856,1.151031473164037
0.29612027706457605,0.07863519031609059,0.6704806172412126,5.448935664724042,0.1831408812169886
0.26105527217988933,-1.9982006845321076,-1.0718572330401555,8.46219249999322,1.7260062022159661
0.00511345664246089,0.9163276747024814,-1.5537587660160643,4.369886892776044,0.3404321387986099
-0.23458713337514692,0.3464884758979927,0.8178896580250287,3.852500805292047,0.19985224298463175
-1.4153707420504142,0.9980101098596522,0.3764095260975166,9.159101251920502,1.9908264500869308
-0.42064532276535904,-2.8962553781936893,-0.9020515543575104,2.586575748729173,0.7806434621490743
-0.3427145165267695,2.0883747047807275,-0.8696630812746944,8.457702020332816,1.8574571155219317
-0.8022772692216189,-0.13958962815517376,1.1254347844147694,4.8918036678431,0.4204942280767896
-0.16128571166600914,1.1081828167375165,-1.1894118928673278,5.189544881257471,0.5849173462474381
0.4040508568145384,-1.0399059271255309,1.6426729532559634,3.153835986745892,0.3907802367934117
1.8861859012105302,0.6127739050625697,-0.9006207346478687,5.773117786128255,1.2944805098267225
0.17457781283183896,-1.0534155631736561,0.638391925608383,3.3195908431344923,0.37689551922967435
0.25755039072276437,-0.6237689606958051,-0.3286184757489846,0.48876720099235793,0.05270294460683722
-0.07444591576616721,1.9140313538667861,0.6031874310823431,2.792786192909125,0.5069107587419871
-1.9187712152990415,-0.19068240076334658,-0.5441140021141926,0.16315252972524774,0.035268050669895856
-0.026513875449216878,0.21743287317972287,-0.1627929060722942,9.78571239186288,0.21864374137501838
0.06023020994102644,0.8700677306887542,0.04091917539572113,9.6608973772155,0.8033149766517228
2.463242112485286,0.49568188797260465,-1.0021874557814727,4.01203744497582,1.0671176468651875
-0.19236096478112252,0.15041890514357642,0.7408243454201259,7.310871457962495,0.24223245632395535
0.30154734233361247,0.3649610024662254,-0.5132135664715852,3.5234803742632077,0.20193303643872076
-0.03471176970524331,2.403415585238275,-0.22859991534001858,6.743822255151163,1.4959545644515828
-1.168678037619532,-0.05761879703358539,-0.9943493746085122,8.073757426155193,0.8878538042456885
1.1428228145150205,0.2010990467149675,-2.5623336587953105,9.472886822453184,1.1590280931596588
0.7519330326867741,1.050654396007612,-0.19102776260016902,4.062101530911753,0.6449382337381817
0.7910319470430469,1.1055259329579838,2.412615421612916,7.854650031264872,1.3465708990417626
-0.9093874547947389,1.1870303055603801,0.7846042878980238,2.7326916612579764,0.5082299985417239
1.4027943109360992,0.6387302220291846,-0.01926037973439464,9.904289807557118,1.805633884216086
-1.4018510627922809,-1.1430049127304835,-0.2628908292082677,0.3551190277670764,0.08352075060924855
0.5868570938002703,1.633431532301096,0.02246589281204638,6.074935184361097,1.224024572358555
2.1904556258099785,-1.146345393018688,0.54711911517521,6.629109218348138,1.9823522410480166
-0.9905363251306883,0.30263546523903323,-1.1808128153088449,6.9116510150338755,0.7894255309724013
-0.5662977296027719,-0.7542758500193579,1.114321694668872,1.2918370300119812,0.1526184789476713
0.09965136508764122,-0.06413834659299254,0.7153813154412441,9.391444856383991,0.13756563078848164
-0.5034756541161992,0.3287624103034804,0.7181857257079345,1.89371446259582,0.1473251095778319
-1.5506634310661327,0.32135721545027307,0.4384757388097273,6.265258692074426,1.0650783721733177
0.06856297480602733,0.42192075423528475,0.019616657693989903,2.304493183318541,0.10113432509666764
-1.0623037137261049,1.613711269058647,0.6728612359668199,3.141442528510582,0.7751442877945804
0.4735924306351816,0.45353430151397983,0.591814133741378,5.509939563108431,0.4619994509789217
-0.9194242342338032,-0.24415663529064868,-0.3540407109410238,4.230214843789307,0.4395334708989755
1.5499344050175394,0.9640871682883573,-0.573601772896901,1.6862334496674125,0.3654147807174225
-0.7832532923362371,1.1894704889246406,0.1018562952619867,1.7922703839663983,0.3155823015978454
-0.3220615162056756,-1.2276078151369925,1.5490201514951873,4.239633402811716,0.5879388179884831
0.8135172173696698,0.597400069849858,-1.2391070756539009,7.597101484927457,0.9743024115688911
-1.2308643164339552,0.7011727423108983,-1.46752526575244,8.989850003793107,1.5678099386303945
0.22745993460412942,-0.29756350335999193,0.16476084123651674,0.9328638563678902,0.03228609379572024
1.307142754282428,1.3757068133116195,0.05088770185601806,3.991728684838071,0.965551225710462
-1.6074832345612275,-0.15005558703252672,0.1733416643704082,1.0924310808564788,0.17951441482417035
0.1846338585323042,0.12557645347154225,0.24395319790850026,0.264265558262719,0.022658324709127712
0.25988279424842353,-0.1730718242838696,-0.22320225463480511,6.65101495817517,0.26803792764037815
0.7818228717773104,0.015579047581467534,1.4898634386020821,6.064249475469219,0.44281644195198033
-1.236950710878082,-1.0962750868952018,-1.6009039784765156,1.7138892267673735,0.36050101020389236
-1.3204566130842763,-1.4400508825942944,-0.828497024780246,2.414747047621335,0.60381657931561
0.5219415656168976,1.5945050632249722,-0.10325476014904739,0.334706761080732,0.07625005865965226
0.29698467323318606,-0.8469613483183278,-1.6431888111541673,8.365977336374597,0.84799261015543
0.25049285034587654,-0.9913923494563072,-0.17585440443207118,9.74943690088066,1.0861969321526368
0.3464482094969757,-2.153390113603715,1.6614701657280182,1.441049414267439,0.31648946212651685
-0.6800247215784908,-0.6389617476895022,0.020886488295961788,2.3916046162764517,0.28769600277093715
0.23225369716100355,-1.3230897934074983,0.23070090571868349,8.697254287074648,1.2297518274663573
0.29307247329868125,1.642015160136369,-1.2601647651725802,9.27199159976623,1.6088207225147062
-0.7143514180263678,1.0098170893426341,-0.6163614080394775,4.254311089787422,0.636260384465901
1.8657745111447566,-0.6881503451777238,-0.375196380323937,0.6011624754638338,0.13405693353954476
0.4738329209117875,2.2524358053443088,-0.31771509675623405,0.4899791535589121,0.12935807317803266
-1.1913034972026486,0.9817654869915943,1.2816437950037687,5.782103674083203,1.1362182132086194
0.6565536086338297,-0.32483138350862245,0.5576910607251245,3.9896615780424725,0.35666732215574876
-0.9746816702273214,-2.499405714873573,-1.111457956937032,0.3836590330187797,0.11715791759240471
0.787084603742452,2.2909425725907417,0.24650477843200488,5.874198683894312,1.6144945795764656
1.158595579007404,-1.389572466763596,0.49822174849678513,0.21189511223132246,0.05374793508010708
-0.8206823183517105,-1.6453987469568918,1.1401490385212665,7.894982385677802,1.7439271734035005
0.9633761292443218,1.0225704320096403,1.5805406865683735,3.1336849447633788,0.5819407429433576
0.4127809269364983,2.439752406339273,-1.0150941918278686,0.49855422979139785,0.13369790238684834
0.82206015999449,1.3842728185105182,-0.8108575112103382,5.924686987733217,1.170658422926437
1.8967929826539474,0.5639091200523596,-1.2575778589146163,4.0370757028872415,0.8879498079052397
-0.2453881160028705,0.594754341665286,-0.23401985910698136,9.74062409223578,0.7355866257004002
-0.7537361643574896,0.8534155587803077,0.4663583744463345,5.4875667587866515,0.7913466942793722
-0.8895144296255233,0.7589285897867651,0.9873345165891019,2.8248678922663824,0.4302653759544576
-0.8158102849654383,0.2811914239693758,-0.07595102364252276,7.12344475987635,0.7051629584552797
-0.0771017094141042,0.10420110395187607,-0.31984752325484395,2.787770825172842,0.038172445037024015
0.3411519748166439,-0.06259312789952241,0.15175799224874037,9.052008584934894,0.34782777908365203
0.27669079933001905,-0.7539645888666763,-0.835142901630023,3.809747508023027,0.35388139502836014
0.8271832490360238,-0.28067507686677406,2.0895387216947734,5.543698771484432,0.5604353523854416
0.01300189187790702,-1.6929568141953855,-1.6076610271180587,0.6006737278598657,0.08614294672523579
1.4535340771573169,-0.09833962679474989,0.18474057889572446,4.318600255727085,0.6068041520043632
-0.2646568332379561,-0.9885911071509175,2.0236062192296393,8.34039904264385,0.9438440129107584
2.720169166589619,-1.103589317215771,0.006799844559997769,8.075923173097086,2.7603376843711858
0.6256673477650062,0.17989415115347845,-0.19003903500149447,2.32075373264991,0.1884086380990781
-0.8571575564162826,1.3920022863445993,-0.3574454228104272,2.3381828030045706,0.48621166250890174
-1.0708924980611123,0.918316606002313,-0.18039168176240783,8.191322590911044,1.4625108593329987
0.4824724152431853,-1.570500603623177,1.3728484746765302,9.310944359676322,1.7093378821477696
-0.2234627853258509,-0.9896281365703375,-2.211861911329507,1.0440731206027352,0.11746562233394574
0.714000494092092,0.9407711879882159,1.5334337012963255,4.55558053031963,0.6793270861249824
0.47323762457354485,-0.9824873935383096,-1.423957152450145,3.440797361745867,0.4543536216428374
-0.07282891265687277,-0.2246331499970246,-0.2666523292344148,8.71981570902865,0.2353590669711976
-0.846793718068405,0.5500520990245519,-0.42924442029866183,0.9268966553321858,0.12158826432209867
-1.5148472246858646,-0.9683444548636353,0.5885532697707198,2.1901468313245704,0.5039429519622368
-0.4465149520670211,0.1053755061459599,-1.5981243518837476,7.549436542106294,0.38066261137384433
0.8563987943234723,-1.3340254949182044,0.46217266608194285,0.6078091049140343,0.10932582940723548
0.21409374413020396,-0.6013676439512137,2.0243096232868525,4.9761002690714635,0.3788292154655643
-1.245738778711988,0.31978193414253697,-1.3631740045928105,4.476859643329228,0.6471816306505813
0.173180925851182,-1.5929937335316693,0.18970616761039566,3.410571671988612,0.5736504408418968
0.3853173797288368,0.440474737960399,-0.6619821777966091,4.006265921657345,0.28651591342005134
-0.883857436201133,-0.019637798926681216,0.42588720619303577,5.346411810609306,0.43717000376399473
0.1537251059455279,0.5524899544171478,0.01914777741575206,1.697536848044993,0.0870733608530066
0.058208718445999896,0.22391413406466143,-0.6414869090443096,5.762759195007568,0.15185403718227408
-1.142970297830623,1.3641404299738442,0.487872284871074,8.073780060069865,1.816285451246478
0.3577873603482833,0.12522450264790727,1.804348109786743,7.625593204922574,0.3507271361807165
0.5607845263682344,-0.429405541125253,-0.19090379172729868,1.6236090564683596,0.136945190808484
1.083051243175277,0.12229750303228377,0.7197579421481819,1.577569750440592,0.15424512448769612
1.053802052034903,0.5432980290363879,-1.2932729578711637,2.754926240674642,0.39127772560239554
-1.377669367957091,0.04886007032570433,-0.9564363768180087,3.6746397907762685,0.4520234875843197
-0.9378250399151228,0.04059169120388238,0.47240627788037737,4.143710255943978,0.37239578444432336
0.5150352672086598,-0.7019916878067554,1.484116028535965,6.829002446650118,0.7273463743469838
0.5137859509122088,-0.6629009175509482,0.35561334878566,0.6611362784417705,0.07030010975146453
0.5150476863060479,-1.4026052717996935,-0.31305803052315434,0.4432597718380572,0.055723538942145406
3.852731490654721,1.7495767431869393,-0.0007085945766459172,3.9799145731446997,2.003500758434981
0.570890510693167,-1.243863235391285,-1.2504077339697175,7.001920552166006,1.1600423212226532
1.135565640180599,-0.6929051977959073,0.6045153263553668,2.0150098952691775,0.3352012937703986
0.9540017634932023,-0.7184072655691974,0.8823330623234091,6.450894364436892,0.9623331222054312
0.651391251305798,0.8949243769444413,-0.45209033283308037,2.672298565608965,0.3715874982922747
-0.3152692446403456,-0.2949496782920278,-0.4700421477595015,8.872252477253811,0.4874416402792956
0.7589692204932674,1.2477420726737338,0.2658782296520485,8.967330448239503,1.6242621986622605
-0.7728252145375718,-0.6734906242438685,-0.4367197360405955,3.0431433223851325,0.38245259118347497
-0.23681860674000887,0.27899416222380197,-0.06613261462582246,2.376938164236081,0.11627062779200661
-0.48536354782910346,-0.8353470532597573,2.0997217891665154,4.171909323455689,0.4688457220082169
0.08187413938632256,2.1451491277733883,-0.24702570074599667,2.4812626932834725,0.49102583196535143
2.3146585666735087,-1.1875984190295128,-0.3583401520212222,6.756600048587866,2.124818736354625
-1.867265192591748,0.3098207102270275,-0.6475418056351592,8.278040377028027,1.6283137189620231
0.6862601903745135,0.6337768809320985,0.7441919714999368,6.763612096021048,0.8037659917684725
-1.6127158711896517,0.41379909745149823,-0.181224173218103,8.26106942776856,1.492650646173546
-0.47193186578943347,-0.1852876588777083,-0.649373038321426,4.030222405853994,0.22853674559087023
1.088950596967366,-0.12982069973342616,1.321304032273012,1.6475380100177226,0.18270428341045686
0.06428001909546277,0.0438114719791096,1.4196030045136372,7.405714379236162,0.07125385045651783
-1.0777447779293061,-0.14700200162848862,-0.6004235657387051,3.6686976009013836,0.39859906037242643
-0.7153037092599682,0.9638791167949097,-1.8665399513606162,6.745581169768411,1.0146274267879662
0.6795977489346758,2.2105230015913513,1.0075136898369221,2.7793750256194802,0.729907329124893
-0.7303666317171367,-0.5574917850078336,-0.684629825760004,0.9041733845860594,0.09962333158791525
0.21645858958197486,-1.3698029795790778,0.7906255991627686,9.926559775328858,1.416269913262282
0.045571839903813784,-0.08828204835125482,-1.9701038177118355,1.6463949285129331,0.04153323853144479
-0.6516003476058171,2.5797093376543185,0.8925973382993092,9.885367840238462,2.8606048096381063
2.1439440893253257,-0.8036745679697308,-1.2111719292807812,9.775071332407828,2.5746680099058357
0.6339190223180112,1.6391168054440675,0.7307641190665245,7.9587992286895926,1.6359931179978837
-2.025142586657607,1.6777008140764407,0.014273067836434106,6.628287324611776,2.2021294674167655
0.18645431476942764,-0.5535882417079946,-0.9539394193966448,5.820289797485739,0.38447121742794615
-0.661786464768388,0.5689830791852754,-0.4070363129267805,8.674405299240563,0.9530458830980884
0.852433334796224,1.628396623128538,0.6863184569567008,2.965451264032931,0.6595122287044122
-0.7925207384327007,-0.3791277409874871,0.10589445311523424,4.730044003600282,0.5147607789177597
-0.11473644146689901,-0.20358036010236177,0.5844129804724842,6.231960696728369,0.1865576862700937
0.5049872789804571,-0.5816809139486437,1.9764405845154855,4.170785711107961,0.41652565057944807
0.8657551941701215,-1.0147567306928669,-1.5642416117110514,4.3321158954936525,0.7190313335648622
-1.2002964070557762,-0.6492775450660071,1.617212574968624,3.369818208270636,0.5494339809607472
-0.3345012358409484,-1.2239402667622565,0.10435593752321293,5.6858949851769065,0.7691113385960271
-0.4749453111609562,0.03408346825922607,-0.8987840483231282,8.520687827349649,0.38226097100103007
-0.6533292325737119,-0.7699732310586418,-1.3303136257389898,2.095130942262497,0.2779474847217694
1.7654542402810969,0.2337859117907477,-0.1891203907770335,9.35088708365907,1.687689667520192
0.40498171096095553,-1.5558956462036273,0.9216501119244593,6.9219677721074735,1.2193665557918454
-1.2608839543350452,0.33088023221445706,-0.12754912037753421,8.250404805532298,1.1817198976212193
0.9178619470547761,0.8335289616089246,1.5111549302473475,5.606287857037115,0.8768032871492314
2.1221561970126332,-1.9937356425714554,-1.4511756900515589,7.817215344098228,2.8977807446981054
1.0324652605511468,0.37405656984757213,-0.01208894784605456,0.2603839336607254,0.040619994622907336
-1.5193699659540134,1.2276689924732922,-1.252393444413119,8.2019662053174,2.011641995279891
-0.48423407286625136,-1.2096410186912054,0.3636318826249679,0.4973747049451286,0.07882063302732982
1.2669111491866227,1.6725723868377034,0.8868873900973003,8.910142425992339,2.366533875544816
-0.7076694656187807,0.4190190093660452,-0.42076179368105326,9.920431197662568,1.001800191866136
0.44381942814622843,-0.7050118557584089,-2.6042138566271342,3.0112678755501006,0.3183564926896169
0.7746340534293368,-0.05576907765770601,0.19894814679649453,2.1821537072293573,0.19123259883440658
-0.926930471578083,0.5583269125217224,0.4367385517335095,7.677097302194603,1.0251784631584817
-0.05952535606180008,0.0760053914124115,0.40429475496169764,2.604960775110507,0.03570777578930881
-3.2412673400690726,0.5387559924463692,1.235782191822154,8.669067593404813,2.9418544288435178
-1.0243876413342898,-0.9206735930793662,-1.0710536796490489,1.1181416623590195,0.19754937180938395
-0.2525681513931603,0.169360824036078,0.6802161054504494,1.346956444155647,0.05575151196855923
-1.2477831819648495,-1.4137144969049802,1.192507512477975,9.793600395496094,2.3478564482379363
1.6324113039316352,-0.11122606134870032,-1.7785875840065168,6.771005092873046,1.0523590200422317
-1.4301413779606327,-0.9039076414647897,0.31965182591897723,8.484183521846633,1.784288638394486
-0.44004448669698376,-0.7355299425897666,-0.5041798310076715,3.3108608357800287,0.3649166597594728
0.13074057728609134,1.2360931752104374,-0.08152267310164589,6.797189120253984,0.8406428336950252
1.4412732890661155,1.091310120594269,0.34767648353833636,5.982994090355112,1.3733387134903716
-1.4358621511794394,0.609138120907177,-0.4872285641135523,6.071186189217175,1.1150318470952605
1.1631637521549596,-1.092312764672579,-0.6757080791616118,6.857071349423443,1.399435708649432
0.010233061019587049,-0.3164084496948019,0.0341524174880246,5.796055813978076,0.17318359683580972
-0.9815086510479509,1.2130976999791834,-1.0872459388628026,4.347717456096393,0.8492284434489888
0.46210347426327075,0.14171691363990474,-1.0858251288851855,2.831634674367414,0.157067097320884
0.19905969557347003,2.319329539981694,0.6793732829565033,7.7089551760407,1.7373565093102317
-0.6002168771587947,0.39331783939437187,-1.148794035158656,2.3400970570315436,0.20291828721497812
0.06980208499001891,0.1920491164900316,0.6663125009092119,6.9543076309287,0.16578272584877446
-0.3853135968617602,-0.3091164642025014,0.4625912928539512,2.409994944228334,0.15359400699945516
0.11351734525124804,0.1335409047822823,-1.7258067287905967,6.290768682549094,0.12798444253609717
0.6621306745210467,-0.1524698363805439,-0.6775646523356551,7.496074844577386,0.5601074335452657
1.586016816145352,0.7081086766885905,1.1941094030473725,2.265267500174738,0.47343277560452235
-1.237815498826849,0.9567023167945841,-0.9811655311396816,0.693438678526952,0.1299114337100453
2.1330333746562666,-0.7859894605079495,-0.46440426230938764,1.3966400556423235,0.35153833137875495
-1.9520877995225019,-1.331232953557778,0.4620608932518965,6.099369975983152,1.8009078762666084
-0.15178509503558332,-1.8362053731032966,0.7833905092825955,8.509519421634781,1.5180564777401242
0.5883172064845765,0.5079913269125437,-0.2515388860444957,0.5454685302307013,0.05495156696576549
0.28099186773503265,-1.1033666061738736,-0.5975101946916416,7.368097464512298,0.9143767679310336
-0.6226995198205938,-2.152890592952483,1.4223698616985077,3.479054594905516,0.8490040895801242
-0.20812225035727522,0.3885786045309641,1.7388996637975789,4.837430862203273,0.2559014524015385
-0.4930009346588328,2.4929995174327906,0.9788580507817954,9.2957095434711,2.4950731698278577
-0.5893647569442115,-0.006070911539893324,0.08531814256502405,3.3865178968848704,0.18781742954659308
0.8496020970210246,0.8384907744516419,-0.8082657216409264,4.706835646000911,0.7081198163625719
0.35701548596504734,0.08182935854756501,-0.8304444065565653,0.23545590613074296,0.026086321680122655
-0.6929095952606542,-0.09888965319114267,0.5225141052657575,0.9078273280478998,0.04557712413999211
0.8995998754332507,0.9190764829877686,0.4183982208886837,2.660056752234362,0.4485120844392412
0.30729952087660933,-0.29027454418865134,1.4015985929464294,0.37573718412863666,0.017964581977652088
0.8128621188389601,0.26739231407190295,0.6504500925361392,6.350615727877685,0.6260211199812339
0.6296288419236122,0.3216978061960136,-1.503080301759818,4.321343732336063,0.37078886518362913
-0.8289950109220723,-0.6680904536430488,1.0519476177229186,5.526637507007418,0.7560419365297647
-0.5601810401969696,0.9920423495365228,-0.9980606273144129,1.8290071403736627,0.251638870049453
0.7472936051232618,-0.17495975669540864,-0.3839712719523516,3.0297270914224996,0.24048963533939713
0.6103702654334648,-0.7557451594928447,0.2502002062516945,6.671862301041979,0.8345131030921116
-0.020901593964148132,0.5365098435704035,1.9956674897839644,9.656496963940958,0.48330296042083126
0.117327383308782,-0.8984679817910373,3.109918556005361,0.5991260586618711,0.0569886373511747
1.277664895788425,0.028181157369128247,0.6067230591361827,8.914804776467134,1.0600701560222217
-0.5915713888358299,-0.009118996644203544,-0.18319661872038787,5.811123892980963,0.30384221020028274
0.5470973811700379,1.085895565831578,0.5345056484805503,5.682803710880675,0.8411529630920404
-0.20219265243389406,0.4746982328799528,0.8876554258738361,5.0527574985568275,0.30191594711805897
-0.2176812032272203,-0.025026958745143917,-0.3206676255571917,0.7870014504514156,0.015869357239334574
1.09877685198719,0.8177662992002871,1.7952113559123222,0.9897808321879906,0.17144898041343104
0.8254163489880298,1.3902075490173134,0.23007075919140207,6.049028856024952,1.1912113417674832
0.8135096360006385,0.5578103063518622,0.49774308909139425,3.475489857212027,0.42115239912927843
1.305478807154329,0.010352619843380607,0.6659242520544614,9.180953859119038,1.1007636145121573
0.02100384163275905,-1.3118362323501596,0.4215866106144557,4.125246319858775,0.5037083368000979
0.6819529712949639,-1.0651136630753726,0.8389405004696122,1.518486441156147,0.23813433387461702
-0.31026675659345604,-0.30522470435466764,-0.6172531865469232,7.175716451670157,0.39992453278204454
0.3241663524884421,-0.6095122021592831,-0.5583017539460305,3.004198872265998,0.24950362042748328
-0.13014305436768459,-0.186971302985446,-1.100154232971695,5.302156042823342,0.16489091640781461
0.09699596499271819,0.056649924897107164,0.4395012306202264,7.008544576501183,0.09491154036807138
0.5951570254369136,0.5296927543567308,0.7789365035121141,9.012614700900496,0.9147238104719082
-0.8182206832334725,-0.07049877805909122,0.4577728661518858,7.942692828536593,0.6467546137024621
2.0923872756854602,0.4865016438262019,1.6744924333475373,6.7959745719399685,1.5695720020288504
-1.006017381499702,0.06447441481012024,-0.005596018829046555,6.828368505711921,0.6734620139240163
-1.2141886127877322,-1.9754665663538713,0.6687416555925126,9.464653975917656,2.701703817478769
1.1581108735000678,-0.9393353938187543,-1.0917008761393143,3.028658565215707,0.5880167955446657
0.7916626939629359,-0.14408755572161547,-0.387099702474401,0.11100973254225534,0.005622208805425017
0.6241198170521551,-1.2096947428411076,0.6955377575657775,2.792350138042167,0.45843172307329905
0.6283455092642799,0.5999287299962045,0.849102110743144,2.2571246583047655,0.23061302482175355
-0.012246772846914623,1.5307508323436974,-0.29396694766418224,6.652162392628582,0.9192364105310687
-0.8972543714858315,1.2187618516973167,-0.07159925185806683,6.373744837678737,1.2034272077959556
0.07580455819372633,-0.213442870930208,-1.5178737466808094,5.975267688776766,0.14947331010380457
-0.6771617115121117,1.490726136849952,-0.3570292008066094,0.26081008777359166,0.04951352214342633
0.9751197334177512,0.14866745720211155,0.8903831635197862,7.31490273906141,0.7494133760355915
-0.14705738150213865,-0.33708597111803934,0.5752050161065663,3.3029510836063665,0.1459951965181935
-0.8254971967925115,-0.6134026635409398,0.5006657213812097,6.684054291165648,0.8686683972757621
-0.32138584165299344,-0.30246968648812833,0.04977368718096008,5.6101264421713175,0.30403656161827775
0.41293145427562433,-0.38817681854122876,0.007063158628176452,3.4930361617362813,0.2430394740813553
-0.5637245528039747,0.1704162223754877,-0.6603211394734471,1.4323050443306669,0.11262346838196641
-0.8222203955664315,0.1605739810498646,0.6988284202025348,1.0347470868387614,0.08417291528723814
0.2436872114919123,0.0030460201534144695,0.4209729443893898,8.332031497811013,0.20158309770687366
0.24496657110872277,0.43693816974634986,0.49201884799279927,9.192135666607424,0.5617038680790258
-0.5069431753711298,1.1906462747863413,-0.5260348426675804,6.532901662966566,0.9981395241385767
-0.4710383056183228,0.9495541354413237,-2.1533429198712444,1.1239977371187855,0.15441049362301779
0.2320499373576363,-1.4848979684499035,1.0971527117536957,4.080069447193583,0.643192926581138
-1.4480843414973241,-2.553921134901955,-0.47883745600840416,7.316498081041057,2.63415175935241
-1.4074637743765552,0.9343199112392737,-0.8627757640431206,7.820226751699674,1.6443127177099932
-0.718444221252436,-1.366878698415421,0.6934789119139937,1.2703643606817772,0.23786158810408015
-0.21344715171184725,-0.22476540189268354,-0.3920126399191296,0.10030411656928592,0.007335482357619781
0.3109075655980046,-1.1701130260593595,1.0599363840466218,7.150156754217989,0.9619706816604318
1.475356216949552,-1.8019804375800197,0.6170059495766975,3.630302142263436,1.0708373035970884
0.8576596232020194,0.541462728204788,0.6835693232004776,2.6193651830207765,0.33602197664573513
-0.1599385299634271,0.7591551603026468,-1.3659557112005343,0.22768495091630186,0.03521733948072365
-0.01901620790268883,-0.5765104007267194,1.2119439853864005,5.448964126938846,0.2958633775579755
-1.0025293646378088,-2.59104229214491,0.26125053123385605,8.52639228071722,2.7607346756737203
-0.01851313599238993,-0.5462444482524828,-0.36927713924620315,9.58055329809862,0.4717730040218074
-0.2886586389201383,0.3918040054025465,0.14338846734225108,5.700875011071563,0.32282362228052774
0.3227185603380895,-1.4789115687741288,-1.77623523289832,5.193167144624952,0.8459387326867801
-0.827230943552323,0.18335991977915564,0.40865281148067084,0.942058216343487,0.08473494604186824
0.5193465142411723,-0.015309849172995557,-1.0293715081820716,5.533840735271737,0.26113545794187404
1.5327389130025777,0.5792914996010884,-1.3526702858435344,3.861792881757407,0.7364954632521832
-0.1087601484568576,0.11958036841415326,-1.5223591862178911,6.110639280747412,0.12497355056806586
0.40171172209894146,-0.9730689408815555,1.1126883749899252,3.9483908439778124,0.49981322690343366
0.6901439917111125,1.1965715016644913,-0.6292633936927887,2.478961322158631,0.4217996347421902
-0.40122047188583626,-0.15852957302697002,1.5337277099164992,1.0401562247609275,0.0449312415666621
0.22409248181041677,-0.02730453950993186,-0.5358014630522978,3.217692601430068,0.08270431258675674
0.01259240078179486,-0.933267959073196,-1.7073579575929467,1.0567838594487475,0.08778998579338043
0.09767609854883172,-0.4432822511915103,-1.1165244399486591,1.851279813157441,0.0953972413737163
-0.7730097838554665,-0.8848027140269009,1.2358116200069387,9.874627969937505,1.4685512423831786
0.024510174258942714,-0.172946059923423,-0.15589817793666752,4.496625213375524,0.07341153244966031
0.49799829124544975,1.7117084801423434,-0.5482872964906009,5.3655304883996635,1.067904097009252
1.4511436077950417,-1.3719011429313563,0.1600182258527877,8.748823434498432,2.222977092896797
0.9592708260852069,-1.6135613978767411,0.501782736167545,9.956132114857809,2.3101894481552416
2.1531824575115563,1.4711703274936085,1.1173988159024608,5.868873048512347,1.9116915165064754
-0.7673475628880495,-0.20932367715186612,1.4484992298929262,8.143490828337299,0.6974525978632242
0.8723206367206782,-0.6690727386599166,-0.35976864578908574,3.336716140933085,0.45855955512849456
0.18334200573835174,1.0399046873960764,-1.3260476860820383,3.126865178728182,0.35218165874951785
2.1898029332176723,-0.6056155397368641,-0.413465161123276,4.086766837846146,1.025206355393149
-0.8082982853551515,1.8260097135469362,0.26028050658288615,6.757821900469127,1.599732751855392
-0.8397218421807761,0.6779258713392691,-0.9637589262106109,6.853697723625477,0.9459986462066563
-0.5993926454440222,-0.48791140814570266,-0.9571509148950429,3.220870403029563,0.30806615780452007
-2.123895724309807,2.1573082132655035,0.34378788154988543,1.4187782489526242,0.5312390801541671
-0.525755021680761,-0.6057149230033384,-0.04865235157045115,6.360722939008535,0.6461207036803234
-0.759132661553698,0.742095372009307,0.03279699541158651,1.3704260356687687,0.18031723892786397
0.15039378647620763,0.2992925804064919,-0.7584953347000695,5.827075831470368,0.22616962722081807
0.34175597577715944,1.301741289398798,-0.23040071420576733,6.964879067757459,1.0284545884536722
1.8761708392158862,1.5615111967268527,-0.9242331442683044,7.036053814305071,2.181809478595132
0.9504238381860503,0.032004149065766624,0.8901984111247868,7.559373895530007,0.6682957576805743
-0.5769036556624031,-0.7534178703461835,1.0352493347237526,8.74130827350008,1.049657361281132
-0.898414671348358,0.4599721429391164,-1.8461878622380938,5.049594020451405,0.6354712511249
0.4919191715065057,-0.6777153697521061,-0.92951086019241,7.329466976342754,0.7681230083934565
-1.3202332070206422,2.013387247526623,-1.496529255090079,6.2298100801217835,1.871887494339931
1.8314587658543537,0.13653533108273744,-0.6500239344068982,1.9477354039970576,0.3398897263455517
1.179440120721287,-0.3653215513121087,-0.08343796979036086,0.3543274842071409,0.04079803932673912
-0.4691756521047048,0.1846803058649084,-1.44964521969853,2.9169597182016447,0.16580535764713814
-1.7131345290908775,-1.3471262895296965,-0.9218598131253132,4.486033692742432,1.2307713969668121
1.3538723741654128,-0.9716140385106515,-1.0039573720814985,6.209348849843697,1.303172832344425
-0.11453984525261789,1.2004139079444254,0.20726732939894396,8.514597371981733,1.031157917279423
1.2378163119734618,-0.6568942789713957,0.06934433703625043,2.04283259539104,0.3411914554985712
-1.594427658794367,-1.0469109826819396,-0.7217375533372533,1.3429429199949234,0.31507877945301077
-0.5993750229537729,0.5366527525272862,0.17682087213939798,9.638451479995842,0.9848281433200493
0.005243699718183166,1.185704154662997,-0.5466800845872654,1.1696411378264306,0.12932633280122893
0.046980593764742055,0.7189533106650667,-0.2716551103260533,4.837061594061173,0.33607376066315525
-0.45006547147924364,0.9960476858058164,1.673452090298537,5.897080915053689,0.7803471250145196
0.6228499323474987,-0.7567950885694608,1.340461051790348,5.459606766983638,0.6536448155956642
-1.0676204293825944,-1.4218106667418438,-1.2995812369275976,0.9517183546261377,0.1893620553063256
-0.1423794850212935,1.5013336519554867,0.8297324178791745,0.6645664486358317,0.09335331246140341
0.12029563171189886,-0.32267983884213575,0.8113965544915921,1.1442859318642533,0.05659315579587076
0.514438834058749,-0.25083301645504735,-1.1482632887526183,5.897318070338864,0.3905181558320446
0.7116148780888898,1.328194141849058,0.8187776437548606,5.489014387579779,0.9776123718549586
-1.1246420918378692,0.5562300094006599,1.5379319184125528,2.4140338411637683,0.37090318621739954
-1.5341141707356223,0.45588777208160763,-1.1225448062444139,6.413964004271357,1.1511786469064074
1.277676821898509,2.165002344901084,-0.9175028210142636,8.218668270350928,2.535579338917665
0.33231401197959165,-0.643518230380143,1.0176614668435024,0.5116317024812783,0.0350786080273078
-0.7484865365565536,0.9278401280812372,0.271495310825648,5.03148644112562,0.7493999023656673
1.551151975522523,0.0570131248970845,0.5514762752395233,6.924173079816634,1.0032745678350847
0.11567463429285867,0.26859227886325693,0.3405892164004968,2.5978880779899023,0.08358226615905279
1.1792971840638264,1.5284684264125317,0.39069592092814415,3.146931962402176,0.7718445123568894
0.06751848141010895,0.5078357562896237,-1.326472128311083,6.1750152395949,0.29120764010747807
2.060747924881987,0.538296079049633,1.0473177066214483,8.989559405092995,2.0942149236301866
1.7553408424432044,1.0725073373098022,1.1695899924277735,8.118251760998703,2.054885972251404
-0.2489641484790735,-0.3649527295428853,-0.22939074406802776,5.872989169085876,0.3219340389970532
0.9715709509543554,-0.8392096673390064,-0.04347694981386243,7.329195005796767,1.1890603061921345
0.6453759495851475,-1.0448091940210336,-1.5311075025557221,3.711742455057207,0.5725963136976598
1.3686315575323487,-1.9663565893760018,0.5142547560178349,6.445558728177701,1.916034208564086
-0.9649234605801045,2.056207129940322,0.5720574417141441,4.715197752162814,1.2825254500104082
0.6860514599984393,-1.1032083657216831,-0.062191016999311004,1.9803677509298532,0.32448868535226205
1.0584244868495878,-0.221253623585772,1.1243533598705027,7.047208911384846,0.8302007828863966
-1.7587394864231143,-0.27681329988892067,-0.3340772309799405,5.608999909753337,1.0227497258140776
-1.183258512665775,0.30740669780910074,0.5646059258936003,3.650353661340555,0.4929755548436209
-2.0392321777601006,0.8157372125392968,-1.0196643386921156,9.122257981778445,2.3259004298296397
-0.26940683444455776,0.8604734883597454,-0.02355215087423812,0.30724776648465935,0.007324226458762684
0.7175422557959623,-0.5830774385689385,-0.17435425790283585,3.2261541973700107,0.3860877155119853
1.502357052096028,-0.1671217137864115,0.22530792204094158,0.663125837998701,0.09958110257173397
0.07409478041977519,0.28257995048829965,-0.3695269288333586,7.688620430594109,0.25859542298026744
1.6286155455712918,-0.24869112618354708,-0.1314725956716678,7.0508637957265465,1.177562999191991
-1.3801014582148914,1.6073455760199926,0.8260471714415063,3.380386965489539,0.9140844527109059
-1.7033824393551547,0.49097495163825133,-0.43676423723821745,6.789062731850023,1.3594748769252065
-0.05554769889661878,0.7348777860498175,-1.6065771007386793,4.019778539339903,0.29015724220372446
0.3840654489393073,0.6628812686674127,1.7495839042054206,7.586912535082099,0.717644200839524
-0.03269474809409311,1.173473857485325,1.3814540786904865,4.59641826109339,0.49905054722609443
-2.0674421000398766,0.18102155870370695,-1.2922626951056186,4.181569305533489,0.8304807812296131
-0.08912003951278841,-1.2968319479558466,0.6897078052451944,9.35382616333418,1.1803115858929247
-1.3044695005048532,0.3996879517526416,-0.5029747705513431,2.5837030889179324,0.39016474220796765
0.6696725488300385,-0.651356893791829,0.26348721533105957,1.2924286659659978,0.15870510138449287
0.36659824609684827,-0.5286166817497568,0.2942241290134937,5.886976821268636,0.45867951466008494
-0.9398797863273552,0.5863640187550933,-0.234407800316322,9.696285941613372,1.3201060749175122
-0.5138669173366935,1.2382830714336357,-0.7837656655863965,3.840608215899148,0.6199898218045257
-1.0592135218889516,0.02127157673606165,-0.6905410523162594,0.7141639599249371,0.06597489361107488
-0.06267909727317188,0.3088330125989638,-0.9161919154812425,3.459122146364718,0.13019227378155024
0.9551423205012383,1.702214944635238,-0.8318222082304447,5.108723377763629,1.221030979921961
-0.9857260463355437,0.24075317948856828,-0.06717829004935526,1.7030377656589157,0.16956766190413294
0.5040465155178444,2.601683114180395,-0.7157599891107518,6.6152119587592715,1.8579760568320691
-0.5302576183724408,0.5655096456315442,0.6820520657126199,9.977718951200986,0.9780942784766832
-0.7928728322623442,-1.7607627591558177,1.4872461553359273,4.572220812216294,1.057807609946025
-0.10703035995455783,0.7533416211045325,-0.580053241370043,3.6118127116291054,0.2799273298880872
-1.035242322419374,0.38115838488277776,0.23940450053537707,4.0669712516612195,0.5030103038893134
-0.553649305347182,1.2897527540827456,0.49968511030293383,1.2399471661124915,0.2073578520173519
-1.1978778925888485,0.6731813512699584,0.4720022709192744,8.844408654119615,1.511319362609508
1.9647251329163893,-0.13845598398377382,0.07595526791608741,4.206773989661384,0.8012145502161772
0.03526355197172861,-1.2242982362893657,0.7426824183597224,3.9340166731059294,0.4453871592943092
-0.6997255079925856,-0.20902325728602528,0.4822489526806572,6.630933702011696,0.55308018731084
0.213979910734222,-0.8505204542093001,-1.2376624223272978,4.476130867218123,0.4309425494040101
-0.11232804969082982,-0.5805234498047227,0.8691560643892732,6.517511341197676,0.4085054178181551
-0.22096959953322298,0.5885784044206096,0.8872908372667421,0.7083182722947963,0.04069133619343413
0.6141667000434252,1.6699045043514062,-0.7632861041785816,8.155861102850052,1.6789095545436272
0.7575077100473051,0.3946715298229811,0.03793783544760203,9.410989133506085,0.9862376017285202
-0.5305011476105275,-1.1958830620351844,0.6833289928110694,6.5227773229779205,1.0051131580871786
-0.57581824064468,0.4446026682201407,-0.20931381957936157,9.550202695702227,0.891315344525725
-0.275051697151644,1.196631486645651,1.0729780477660118,1.5991799122626367,0.2108966963854508
-2.301921164735585,-0.6097829043193822,2.3638724946193608,4.826420275855502,1.2559019849406219
-1.5151910621985523,-0.1340171666729177,-0.7859860326349823,6.057886666059928,0.9091408093005133
1.3668742674445247,0.014688194729197093,-1.3810446031537749,5.859192809469748,0.7256677336207604
1.6449677135012837,-0.78489831308224,0.30381859560487573,4.074471612981528,0.8986329622545117
-0.24903603955637832,0.648280433843859,0.7215625051261435,3.447035652725988,0.2754597824804218
0.5765569630557664,-0.12094814860778157,-0.23086637384476896,1.3555578232491463,0.08449750454316224
0.3112501545435361,0.41953244390702776,1.4532606633210343,3.978250260566554,0.26658684768665425
3.0788808084552377,-0.8874921778021001,-1.3386057997232488,1.710342069544303,0.6134558829468993
1.1195749114345768,-0.43745830032341043,0.6929186230316111,7.370220197272962,1.0128556684565984
-0.12791759148076653,0.7223813578277714,-0.6058608207588934,2.167426261396441,0.1546539871482774
-0.9555404406004258,-0.372833152091767,1.7193779062072967,0.6797965223168851,0.09056623722638467
-1.6064463202575725,1.7269638512334051,1.9925153531681183,5.5684247643906195,1.6692445715031592
0.2034636358672231,-0.39963618561460235,-0.7666565877833479,5.9927743539220755,0.32004438984509964
-0.7563507452843033,0.22468472575188592,-0.5495571359085801,8.731939306677004,0.7573850570181014
-1.4222537095976742,0.9325908318730899,0.8595878869798019,5.812117962935051,1.220999720133402
-0.6465728842425266,-1.4183657329330317,-0.3871306497895146,3.520260451862113,0.6340029710613168
-1.081548003614395,-1.7608088119807759,-0.04541121793223822,8.049817627110574,2.0582280525174146
1.6871416350725648,-1.5256563145700948,0.02538842054241018,5.448761042555469,1.5695347716995405
0.8816397569494505,1.262584103427182,-1.9196731561976563,0.8848748178487983,0.16109739389915062
-0.007972641316617372,-0.5518581458924467,-0.01383774609423725,5.701920547101142,0.28660872591216574
1.4799441388900259,2.5581992856682523,-0.6897277740641738,9.089383599674457,3.307020821776721
0.0773683076476183,-0.5642475986573886,-0.493122822399772,4.023494992432384,0.2532704340695839
-0.8612842013282637,0.18455130319703697,1.4436320034688142,3.033625438808021,0.27042175302465943
1.5231240772696573,1.5421099525678756,-1.2565068942792563,1.5203476244783987,0.43101372524905096
0.5389100436846587,2.006092888159123,0.8132051867479773,1.5993106671600377,0.37605354592677037
-1.0372461543264564,2.061503576636398,-0.2789629303318085,4.3844376949840065,1.214973834104191
-0.1903386780836082,1.2083662305931424,-0.2797601684958344,5.997230259199142,0.7569843457264527
-0.8756182533847572,1.0240625258114624,0.7903718960517113,0.8980925111790573,0.14897168483504675
-1.382799730964336,0.5925269492011831,0.34005129456889044,9.40172903134914,1.6732906433821486
0.9261775475316414,0.7783610761666377,0.570612997219531,7.57582281270744,1.1772867432839385
1.9094166404701305,-0.5511857163285334,0.9681846605328611,5.90757679100826,1.3143138260694742
-1.3985675738191412,-0.8181988834223072,-0.33130838318332273,8.301542842296008,1.6613184381862507
0.5629692366905709,-0.0033744574109520514,-0.6122367345077503,0.8938488924399216,0.04125721833462178
-0.6506425691218269,-0.17018462252492844,-1.085150526557798,4.820704889557931,0.34128634241358236
-0.48712538376469605,-0.4532280493272752,-0.8254105299789551,6.337921955930468,0.5343051181881335
-0.5923939242388692,0.6963874474567153,2.9490944253087252,8.303663770571063,0.9752107281388346
-0.863990769679816,0.9553052085705107,1.2446795807367868,7.85634864448775,1.271100435772511
0.04852162794482699,0.08840688629184736,-1.3510743662080213,2.8429855721626565,0.024484827453561116
-0.8309501164110378,1.4775300810552618,-1.3224579567435701,9.414713678636122,1.9572938856375335
0.2704568257798388,-1.141689114133505,0.4818660617184915,1.3310238301656165,0.15931744294419287
-0.05023810944913695,-0.19365945927971812,0.547264797377967,8.763822824349406,0.18444752269548198
-0.23894804686640975,-0.7168223206028049,0.5488838353173644,9.712308471085723,0.8312103114572752
-0.9075636620415979,-1.86653661707306,-0.25495579355369785,1.8538198799039933,0.4491852281223957
-0.5767713305683327,-0.08268068584269925,-0.12545426000290022,7.248454035617474,0.4204594682063926
0.755391225825756,-0.12174750838328353,0.3278795241593574,0.4988266359021848,0.04641289392832271
0.5009171876243808,1.513449743242131,0.08589300629333041,4.1136859688776335,0.7327088703485908
-0.977555244798551,0.6308116845547775,-2.219300372747535,5.211204662056972,0.7383589103040408
0.09933230542922587,-1.024186824329205,-0.22979963057519381,5.848387736505377,0.585069545223417
0.751387123371789,1.8540925663341883,-0.8514064342603136,9.365778757660738,2.2035307248479246
-1.6694052811213718,1.221033695525353,0.17521141890851205,6.755281804212527,1.7553464661815779
0.543360192379935,0.5820977034686158,2.98525900260341,4.864651717070446,0.48810065091655674
-0.6626237589458467,-0.22648409884983192,0.3674816654743044,8.115782859032304,0.6498661560667751
0.5705986685931593,-0.9594392367234797,-0.3135296861723979,9.510274927448648,1.2921402272795028
-0.7632591565425169,-0.372206776071053,0.9218015019772522,0.31845487195467936,0.03749057577389227
-1.804882100664519,1.088748619704186,0.4826878872092127,9.826960595334784,2.5630379063002486
-1.6275424378831627,1.884586305934609,0.4200944904518413,0.9527081767304353,0.2970499547359092
0.048084946661381994,1.543243528272189,0.606850593215671,8.162429114760737,1.1790787738630666
0.25972250172148187,-0.4888494217862741,2.0565435648295414,2.875314050258984,0.18243918224668157
-0.9043166251044086,-1.1196174332890112,-1.1308884353259157,1.4085786117633305,0.2678574102970451
0.6385924587773739,0.14088624691120394,0.47363207681145447,4.454570833166965,0.31404681632510933
-1.6615200622689599,-1.7684393655628516,-0.9263811299815384,6.475170136531374,1.995495851196189
-0.06607979864731657,0.32316771418478146,0.5555126463422483,3.871423265732403,0.13542603260391595
-1.2110161997624567,-0.14760258629866868,-0.9186865114860944,0.6401975419987197,0.07720794900335609
-0.6518361078021592,-0.46603650186824225,-0.4173668136050844,6.034665282621295,0.6193416614815885
0.047398671316414016,-1.5947030672667954,-0.2950899142379063,9.03379243349568,1.324329772219169
-0.8604133652839524,0.5136001065697166,0.975816719344709,3.893832122877792,0.47389080906589315
-0.38455554422982535,-0.5327008396619114,0.9184544439424138,2.2416944985451877,0.19542180197802508
1.0062928092144405,-1.169916835710288,-1.2457173764463845,4.481515724734872,0.8717892476126491
-0.5768918695231487,-2.8722622132816493,0.054934110999848726,0.5787908393829306,0.18867582158060453
0.8356921120651418,-0.027514905050636255,-0.7095798547491726,8.222827086354721,0.6558145435624846
-1.129706854657618,1.772251596669744,-1.2585049106753345,8.28077402840685,2.158723645504648
0.5298041779152828,1.66125921454787,-0.21701705042437042,5.921204587953321,1.1744497383411978
1.4415686206579004,-0.45709625658627184,-0.3084827884558197,3.595718600490056,0.6028988925549649
-2.4716445001272893,-0.6022120603617805,2.4267164863455224,8.017855308013255,2.2256636755436565
-0.7968952554704768,0.46877425607502377,0.43295982536069616,5.5914015454048345,0.6389122215143241
0.57707212718054,-0.9983854391882915,-1.3776175007542373,8.27672985464516,1.1782976835078385
-0.2030453860429927,0.30179189981946597,-0.5647740041709423,6.351442046571904,0.28212430804901145
0.37114587337130883,0.7660802783846903,1.0213832954293984,7.865614184806693,0.7884375593969887
-0.6039851867158206,1.2269332238843076,2.088442772869925,6.025773632855824,0.997975510072904
0.08658978747289992,-0.10015407647995278,-1.5859833122379583,4.199996575335096,0.049955091491219634
-0.15567723539207948,-0.20367375017696587,-1.879924385139045,9.583664013268763,0.3067774148453396
1.1677820616598074,-0.877982586756561,1.8709651753717822,5.457026866300563,1.0141531570324438
0.2544208433012131,-0.82688035403986,0.38961417737090387,6.09038623355133,0.5946177507535081
0.3376026620752022,-0.22647889190152676,-0.8682927318763665,2.2828276302060178,0.1353765125875843
-0.4118769661224674,0.3673655068161781,0.5346290861224353,6.293942815330037,0.4516567722815155
-0.48760622407249354,0.9135846262332494,-2.6357477390168778,5.758915729881144,0.7197016186719591
-0.4325581878196209,-0.8031789506803448,0.003375506597160999,1.929900139675547,0.2149095686559154
0.39445214237829684,1.4926885689595217,0.32782117284308526,0.6899122637961228,0.11670282979803662
-0.42098448082026296,-0.2711236010425688,0.9242701395378298,6.083157265176234,0.36309643994893526
0.2897748568964129,-0.021367294348436157,-1.0138959522925377,7.660553466568174,0.20511290851343514
2.075400798645439,-0.7472116791478234,0.08568716140335904,5.281673572127882,1.3361229864789177
0.8711247034316923,-2.4242402602729416,-0.9254246260595873,2.3450489906644925,0.6751391003520422
-0.32602353216784113,0.8840453963610497,0.2553837556743171,6.698567569261046,0.7299904979917845
1.2012139221639448,0.7368438970924334,-0.8953463223630241,0.8930466934350623,0.15327913299902846
-0.4080753730215514,-0.2813275571182134,-0.4081008391602206,4.47415367753935,0.26087557995409516
-2.038124535177854,0.06699071722487192,-0.9958153947902291,1.71733090814436,0.32940828258693183
-1.008086310917404,0.5159392177040995,0.651136241823657,1.9261446054928455,0.2713531469998018
-1.8707919210258557,-1.5625458568865427,0.8584511166566653,2.1027100966662164,0.6520086057680244
-0.35151348404130867,-0.5290526773462948,-0.2346205699574138,3.9283998647353813,0.3080887572836157
0.0184183791895517,0.7942646796218271,0.03823799496002834,0.6063870356419365,0.05026646390293337
1.6764373122752827,-1.2542894231692494,-1.4485914146335441,4.038155065198072,1.0719278146349742
0.32692737376416264,0.2935579321666293,-0.29967664800678706,5.1659037264355385,0.2915570975667705
-0.21910052880886424,-1.356581804623405,-0.05020461704174478,4.88461342116662,0.6844477940997084
0.8294055811834892,0.46642998243352635,2.620793091029975,3.8895625939901017,0.45638702591372604
-2.211135309007885,-0.03564148229748357,-1.1119670257741636,8.40755141990045,1.7120450326827497
0.23561455810856594,-1.6151318159055095,1.4641772387524374,1.5387342549629908,0.25033632527884314
0.7708651938869668,1.1647393544571714,0.996858773465808,5.106397763435602,0.9105363996817499
-1.4785862457798415,-0.7345915767980492,0.2806364044901364,0.7142100278698875,0.13700433215113966
1.143754043206929,-0.810252437014381,1.7586204841951334,0.8044412208913064,0.1417935724054893
0.3384964074944141,0.20056919723094285,0.3721054726068629,5.781271911803254,0.2737587795695514
-0.4152879139008013,1.1486373494287152,0.3891591956679287,5.703582406389427,0.8050306038742789
0.6327818661062848,-1.015821818978397,-0.053120653017545344,8.792531777160123,1.2871638090881783
2.270692857804396,0.06167984984797165,1.2235688824186275,5.622949389034725,1.174872814246396
0.18186625505849516,0.42881650033057295,1.0964692338108837,9.601931102008017,0.5168148248152364
0.24822058630033608,0.6931056072631441,-0.6256772874962124,0.5820789991593047,0.05066674225579106
-0.4593608995402441,0.1764415552772252,-1.3192471945987674,1.0702760793293367,0.07118804802638985
-0.8498443694647918,-0.3670278390833223,-0.20298063739565708,0.5362520295467758,0.06518957910911492
0.8303358165442456,-0.8275902206487197,-0.8000385643976464,1.9342408183020463,0.2648979457292062
-0.8560838259088672,0.08614388304637476,-0.0635245746153551,5.458574098322613,0.48331047554352347
0.07156623721939247,-1.072139011985607,1.2374381346841392,6.491164596131537,0.6711109113906446
-0.4776574467651167,-2.9213504834946074,-0.45730165508679,0.5512930636918211,0.16088146317978108
0.47897982574639186,0.4365598041576678,-0.04282338131157488,9.465111809471432,0.7814829258638711
0.3336621052869483,0.9039348410861953,0.058022734808395225,8.437437228838773,0.9415550876913618
1.0375399442578992,-2.3629324355418384,0.8484308822052846,3.0364635733552223,0.9226184590421047
-0.510016398854747,-1.0097307047099375,-2.246889333984605,0.8641565492420328,0.12017611381975363
-0.26987493529337125,0.6191542610051978,-0.6067002947652967,1.781882024868667,0.13649834012590412
-0.9787637157823074,2.0574954697116987,0.21128369227947272,1.3567496961742296,0.36670631554136834
-0.4442932600761116,0.020793707675407894,1.2000789564268612,1.320509415059574,0.048410863418814246
0.3773004930448522,-0.7280029412291344,-0.49190244750620515,5.233760717790766,0.5063137197014211
0.7569886166453519,-0.18289644110484016,-1.876552706041874,2.533889680684663,0.21579921909981667
-0.9221653241776254,1.3748764191481848,0.6197114459661363,3.6455831936385303,0.7595181040750887
0.8696059201056602,-0.6459641791245353,-0.6353623888256293,9.896102800504792,1.3549902112625571
1.355637858804951,-0.7991920066502536,-1.1896666590903613,6.874711064360913,1.3414441971337734
0.41343490322370086,-0.4827435221820324,-0.6243453897132241,9.494908603765314,0.769065303870586
1.876795812558066,-0.9533286082587124,-0.18452535765584954,1.5113098948278445,0.37962029868751973
-0.773789199103573,0.12267031599479553,-0.6047446645382127,3.883180800842436,0.3216969326429373
-1.244654703311417,1.6246784584695606,-2.205566057099069,5.591844852495307,1.4304627529734943
-1.7787202489042786,0.3230792731160291,0.8970661968871322,0.8599048126985064,0.15365456336301667
1.496044311489183,-0.2523535021262876,1.2748750412787222,0.14145569191678287,0.01261687330813656
0.6543656563540577,-0.2918112689155441,0.6515219913395057,6.7372999045894835,0.5845215543423223
-0.05558467091045507,-1.563190808696657,-1.1376856704248166,6.45401321633421,0.9497117357109854
0.2799686263198203,0.883109777147159,-0.20149153394751798,4.166809218996156,0.4410423756287885
-1.1254890472983765,-0.07783719701280203,-0.006521315229458062,4.947476352717123,0.5465278311021297
2.4457519796168263,-0.18047991359062565,0.5987943895619102,4.212885705861687,0.9869685044613377
0.1292211819752275,3.193107567844861,0.6683404887180808,0.33764994396439973,0.10444652165733584
0.10939479460489289,0.29875290836568624,-0.7341737987784958,3.420178901552878,0.12438269033372044
0.725766623898692,-0.7517910500951843,0.08199555641356042,1.8531143284331695,0.25489631774764854
0.4810092317367132,-0.4263575962055433,0.4572804046152411,1.0743994721035506,0.08658645735956703
0.22388402427913137,1.1484457091967548,1.4558223221467665,9.571532295504563,1.1783274238800043
-0.7904744554453119,0.11327041053776446,0.7045065398247231,6.03366127791744,0.4961692214554995
0.4714683571359957,-1.4382779783173667,0.7890566873755189,7.313697213942366,1.2658192724366832
1.8820244964750337,0.9192289345752035,0.08382662792936094,3.2221010583345633,0.8056494960880587
1.3454200461549777,-0.668144085538994,1.4104591452035038,3.9921565819907507,0.7228509404307085
1.593186626639397,1.8732977762175456,0.4097627959594974,2.4455475395775625,0.7523863098787548
-0.5112156764311852,1.0800480657146485,-0.8610879101735704,1.059960142557705,0.12682024269253306
-0.9896048202585809,-0.4473218956587512,1.4033699701251907,1.8724132106716798,0.24415144722269888
-0.12578692009964815,1.281016361735113,0.6979032725390276,7.99538904843521,1.0184036133221388
0.055724912288694604,0.0678555105274033,-0.4430440211284823,6.807703471319381,0.07833756669617123
1.0941915184709485,0.8527736751222195,-0.47949296739924335,5.514595872256221,0.946809742623844
-1.6924646297148194,0.48473281729447476,0.2965755451407618,4.803389741381004,0.9377050150725171
1.5295503194606137,-0.8463566549908735,0.4631847952675847,9.232099408195632,1.9519313659480195
-0.15800789857898942,-0.643549832317462,0.19729226563120644,0.8200759830088172,0.07285745304583204
-0.42688106994742003,1.0299608175811612,0.3113086734428849,2.8779480510553683,0.3664838285606026
-1.0121043752601675,-0.33477533210654087,1.6999573745763805,3.564384750350069,0.4446258101490463
-1.6548566718657693,-0.4036484632419967,1.0715431522348857,7.8460155409066,1.4630543917350831
0.8231705839619146,-0.955122579349353,0.19063559126502433,9.925894739603516,1.579597664441218
0.07331796718840389,0.42359906559346105,0.9413105807674833,2.4826380960958154,0.09970201454380614
-1.2899608997410539,2.062524919243145,-1.0325239035275395,8.755642607957098,2.645288793298163
-1.295078772063616,-1.0675329142542729,0.39792704994680894,8.323165328274733,1.761353450084567
-0.3357846992901282,0.02421945667275807,1.80930634973311,2.3241082366534895,0.0763268225908369
1.669021525289393,1.4122205554154292,-0.21804589539237385,4.053392543972303,1.1192252549411676
-0.2595913513636048,-0.07964139124571515,-0.8476339286190848,4.155761405995939,0.1090677464000806
-1.5031429531181062,0.4523717962497339,-0.6520888885930607,9.784384618412927,1.699711078940243
-0.24574306408594432,-1.0623935281468797,-1.0896330373423884,1.8908298236510936,0.22487857386522797
-0.2727235697476705,0.4283070972076486,-0.7847619081277034,8.011663913937342,0.4998624112675358
-2.6968866429415717,-0.18714426500454878,-0.370508098590029,3.4085078703137883,0.8791908861474903
-0.05429486651781221,0.985729995679863,-1.405567019178642,7.335616423183988,0.6935887497600615
-0.23093453020867796,1.1873860515647512,0.015618333949603047,4.258108942527062,0.5552771425020905
0.6962063648134184,2.589563642018614,0.9022771737866472,5.825761654853746,1.7200647149087347
1.8489560949453452,0.5796331732135757,-0.9077561801469204,8.342856555928698,1.8201174837074974
1.1265650295477574,0.32579631658216646,1.5192839236417688,8.061239093340454,1.0587063158282586
-0.26888869055483056,0.19438430157733602,0.5107920885275947,8.677589517043032,0.3482390017079765
-1.1065259087416703,-0.35316629281068834,1.0305805856240573,0.6902115209121243,0.09290620425220883
2.5733598032498604,0.33848384346169114,-0.6578345538521371,6.951300475093474,1.8272178709487743
0.05921843401448826,-0.29540141013902943,0.8545252270666157,1.4858750295454526,0.05422517151098736
0.013929291912946203,0.1684609762696143,-1.091933900395313,4.216603823382268,0.049848548169942525
-0.024125087110003277,1.3175975356079597,0.8902475008365087,5.531025309041416,0.6602856078588939
0.19808476076785494,-1.0065425652796411,0.17183933979353122,4.087120898993624,0.4343285442526427
-0.14436041192394247,1.1398785611290454,0.5532512199847837,5.244155590449774,0.6071262786449294
-0.5736620068802363,1.3171150673398653,-1.1755946056248516,9.96561045710633,1.7006547462591077
-0.5468589412403921,-0.11806852699107874,-0.8950698422766047,1.438651405757262,0.10106099939526385
-0.03275327021599839,-2.1218548990085946,0.5972282182533848,6.787014848830613,1.3111525326108342
-0.543424771133765,-0.6078219870944325,-0.9483480042242007,4.020409567217591,0.41158778830770726
-0.7128457826771644,1.2969945465611092,0.46320629209912306,1.416797009182555,0.2677749392547215
0.10643022769189683,-0.022868062298882122,-1.3671378064602457,1.6714939574056644,0.022416687323325562
-0.2549772174208553,-0.9993022322949108,0.8481742126666681,9.497803751831608,1.0848375208138916
1.5039929885826886,-0.5047749212282174,-1.232523314768509,8.808054817446443,1.5952876878928577
-2.650969808393012,0.840620026504553,0.5522999376795232,9.079715408108717,2.8416666158572346
1.0915068519224618,0.5467335682013793,0.6256309336460009,9.916174480691126,1.4487257227064085
1.246085192497629,-0.23893209916969432,-0.6967718184295749,2.162322361084328,0.27348262618263336
-2.0733902324081495,-0.36682441181468756,0.5820265670847269,3.6188494399042117,0.8013897642118529
-0.34268759408034877,-0.3917581490438219,0.26044226333355597,6.725268396256181,0.4564269952806783
-0.37144086599579146,-0.9224101844985025,-0.5388418561927383,4.889645144620408,0.5878761470358932
-1.4075116947178212,1.6153756894694418,-1.008554684076208,4.242056380445502,1.1625243377146135
-0.7778166875908753,-0.3223204692113399,-1.962625691672579,3.6423313684223713,0.3722641525962436
-1.1105758454658288,1.2171585208254965,0.3496500472996937,5.978428256240177,1.2466571984346275
1.7522704434236227,1.5213160519224513,-1.5648027713620551,5.798374943536811,1.696769213742926
0.9356783931474612,0.9983108981479604,0.0953441994413082,1.6984325572359769,0.30412832731554446
1.2715550949941588,-0.4316203127180484,-0.2634482160822491,4.770224391432547,0.7353844060705098
0.7216720640432351,0.40373009033660945,0.6791427754381955,5.579370584477513,0.5661876545703163
-1.1290517712172292,-0.024195606390916165,-0.3020454994898642,5.7458406934407655,0.6002475288741556
-0.5245202662797737,-0.9037018607301281,-0.3294477863470914,2.180061209832283,0.28345690405524193
0.48937456122791806,0.324359281721603,0.7318707042882956,7.448486783297639,0.558335888288371
-1.2221278088919454,-1.1790397911598025,0.3350580290841175,0.3494710387285894,0.08847232402980623
0.7129984301723881,1.1876793884615637,0.3161559571827783,3.6128353698773106,0.6234574480145828
-0.24032539815813503,-0.4646172972983931,0.46926758980852623,7.824105220502772,0.5048571528565338
-0.3748208075495975,0.2011596558728393,-1.5355721232071058,5.682539918448483,0.29971350333224855
0.7109599682034915,0.28328787154614216,0.756788679986982,2.6855080818575168,0.23569375749118548
0.44426331148603976,-0.25890497370407733,0.6124687940136023,6.980035881496172,0.4492982342712749
-0.3609661658190799,0.5866938014752747,-1.0166831285764972,5.717170347145126,0.47366906108866974
1.159329803364248,-0.47490365662252443,-0.2440804736742013,7.982811733618233,1.1846589391098126
-1.0810633275998973,0.8712972974572442,-0.039307287627631186,7.3767493432792515,1.284241516888448
0.6159356069442637,-1.3459796802467485,-0.1344967844017327,6.140068428158723,1.0870245030922612
0.5931012579683838,0.12637957954641182,0.33385996656853467,4.932958985577058,0.31097371202895907
-0.3095464393139903,1.9389289990582848,1.4313667818311835,1.4185030441084818,0.2925861226848245
0.326133022242118,-1.0003313246055747,1.0817667276728287,2.6871968770652996,0.32046312427560325
-1.251113576385303,-0.6777449705248515,-1.3122191934314063,4.249084781879144,0.7216819552449778
0.924027019206901,0.513907849658915,0.6220699903060487,6.033062941363248,0.7849706375605388
-0.18490213644298903,0.17958178193959795,1.3289333195354096,5.185707766631517,0.16433043000487113
-0.5227230205190395,0.3506300992735592,0.38680852068920263,2.953026806999342,0.24092463293329835
1.0490092258368893,0.4891871301476635,1.090980425185967,0.16399714211813446,0.022716639463163647
-0.7043436905427592,0.6347214685617699,2.012270445700765,5.012768296818058,0.6080723137778334
-1.4084612963635597,1.1096998419562232,1.0237095461069814,2.9276972867662066,0.6539415283567517
-1.5566291735239037,0.40981865692851255,0.24930859564172886,7.372622177034297,1.298915597315428
0.6060099513456396,-0.24125765461854246,1.0450884740847535,0.3370680261777866,0.02111642740179445
-1.280429352496283,0.6725737012027313,0.14488783309689118,5.8897953319273295,1.0438179690048903
1.7547941819843647,1.8998819348952156,0.02390304328495547,9.420594951310047,3.1154038746594805
-2.081929407883722,-0.13263374638257355,-0.35141423571373254,1.8266517444038453,0.3560194908775422
1.6964563682900382,-0.9745293046706415,1.5634133588321082,4.769329958430894,1.157261560419773
0.2110174672026184,1.1070806692869728,-0.8184286659420014,1.005077718989668,0.09753442198121712
-0.09671311187039239,-0.12038116395359824,1.532367724678116,6.294250931387391,0.11103823229143928
-0.5449190868089497,-2.172669546014036,0.49986412374037137,5.550263637902633,1.3479122188762778
0.39913611435207086,0.8474216771504216,-1.3993061748019415,4.13291868970704,0.45014789259264526
-0.037634702424848364,-0.5353281859539227,0.3676492929914216,5.261632512590038,0.2554889306822356
1.1033018820165215,-0.09053328230416077,-2.100026507651624,8.9760891188432,0.9685673636549913
0.11422764866203965,0.33198033056901455,0.6255080168310357,2.0433135928795636,0.07991617765199355
0.1503017614618776,0.1904996797790664,0.885231482988991,0.32338866588293763,0.01371307308330131
-0.36361221221385587,0.7094518171390395,-0.5923559556520536,8.6304823585211,0.8404001426016507
-0.056945623721067457,-0.43548637056984335,0.12354769595558233,5.813459115640274,0.26030216387563265
0.3078017688920592,0.5131057981760827,1.9541574337502863,8.91751870907224,0.6654189046589254
-1.7101683926566256,-0.2595466775839172,-0.5057467042619367,6.009757711790408,1.0646806071442871
-1.348185422105713,0.738810480887503,-1.0589075870566005,8.120594790601055,1.5134183913236634
0.743264094022715,0.6153674840130534,1.4816634024625988,4.353766297215964,0.5429429355389002
0.17086543812794186,-0.9354387020445953,1.9625871905307948,7.523613319753861,0.7432152894952737
-0.18398333635267913,1.0859821161750323,0.0036956718478473255,9.139110522209574,1.035215953715854
0.01843393306539316,-0.535963445114048,1.0114630354083562,5.764017340849842,0.2858208703812748
0.34758170536167105,0.8080577982811451,1.341475915530881,1.8897729905675575,0.18742255968057317
-0.5397596803093615,0.36728731340134063,-0.742484232538384,2.761096388798962,0.22122567227260742
-0.7783047254023127,1.8381836767951225,-0.4853058353678683,2.066581311284317,0.4900872822012392
0.19584525509768155,-0.22346598237185214,1.230874513154735,2.543884573197756,0.09948456234550997
-0.978372777615032,-0.3493167961181975,1.6850142787085094,3.13351294857526,0.3654516217240735
0.40825275571447184,-0.01941960588773261,0.5628808601743548,5.595824488856565,0.2105090989539788
-1.7025836042378404,-0.30317978283427544,-0.8798143535020543,5.921117131691944,1.0796157258458872
1.0291556373256436,0.7999419019420501,1.9870611116994412,4.322347497694425,0.7165035666476866
0.472597482413043,-1.616310608436588,-0.5309708978119645,6.1926657202262705,1.1849825078151883
0.25602973431387566,-1.053682419146354,-0.33513778117145177,0.9075917635525227,0.11878283841687805
0.9826909839455139,-1.067802921579193,0.34233783448962146,0.9691035468757837,0.19028561318780488
1.6654744444625766,0.9503075919735757,1.5541604207147741,1.8011116575408188,0.4101397112424334
1.0143700650181304,1.7106133725819253,0.8539759765522237,5.228967230599413,1.290035022438649
-1.8408742313316453,-0.1044492185374715,0.41486550036191044,2.2185473191133043,0.3878902231894145
-1.2795769667357015,-0.16882172319001063,0.4632885301181062,2.904515594576516,0.3731108743494259
-0.6248185776956788,0.07005216311318138,0.04351466864346608,4.063097078112642,0.2557796083035055
0.026091050210833786,1.1618783026081905,0.5581395145185063,8.13747462770276,0.8794884573809099
0.517659020469123,-0.9273531341905741,-2.529560077694303,0.23723514553731517,0.03586100610329156
-0.7257438131534656,0.23836898273478513,-0.29660745906979835,6.528850320342562,0.5577245942519026
0.18676676447707832,0.9751976297824297,0.241321934916781,6.721877657302785,0.710377014167818
-0.7553829323533225,0.5010941699398452,-1.151014083619507,8.006692225530703,0.8990444147631649
-0.6115178029919482,0.1895816165987434,0.38632331781156,9.334254096697101,0.6751567297154903
-1.4066610968482223,1.0010460925671412,-0.20447122098612153,0.29936470459796927,0.061836928961824994
-0.9232332461109043,-2.703232292999237,1.75547569831549,1.6224586845808404,0.5273524832262586
-1.3516846056163336,0.6778753195309076,1.5730197252148563,8.87309581115433,1.6284256000783666
-0.9758732529773327,-0.6540756831274238,-0.46580556911816284,4.639333765651452,0.6701670050021022
1.0536417966078395,-1.830632896856457,-0.15083771156669531,5.6894473254412885,1.496345555393928
-0.949398888831943,0.5112025995249807,-0.0739475656083926,6.663969316859159,0.8577954545382975
2.632382064837391,1.3736585451629577,-0.4516594761596227,6.82275938450681,2.453925928161025
0.4933179008808892,-0.13744851462769186,0.19502498402812674,9.32422999283343,0.5330291205955604
0.1848361236948739,0.9528745472029388,-0.7582820688875902,9.969799232375529,1.0266903692687745
-0.8583577801812136,1.6122782579886454,-1.1306153349375263,7.229558863216308,1.6065400228722106
0.7003098794089914,1.3149144535840473,0.6227112239002686,2.9434899711309934,0.5332874282069585
-0.5756378262377739,1.639964529371393,0.6295295842218108,8.809548782714002,1.760766633988427
0.12200981464536144,0.7421274910718922,-0.8043157596599924,0.58728705395354,0.04336400394916638
2.5600845382687947,0.0754336389015928,0.8953554307625996,2.3877004434575126,0.5802863254126553
-0.09605989972464987,-1.6019658118971685,-0.6315777291653314,8.984118602890778,1.3813672856994745
1.1492733262856758,-0.24606248812994858,0.2531652380379812,2.636295992949614,0.3397948829827261
-0.7031764251258874,-0.8432465953161917,0.820344012612456,2.28444549025531,0.30828315132312706
-0.0349884904969617,2.1709427174978138,-0.03361256470371301,1.4674404020884477,0.29054264785148076
1.77080063563551,-0.1758858124323366,0.4547409121411344,8.605206400704473,1.504642821989821
-0.6269670577877674,0.12320480678448567,-0.5164296438875717,5.050576765991758,0.3309360393169457
1.8124485579969287,0.5514853760404675,-0.19646658342809717,6.781442710236132,1.4463810708406528
0.7077519354554754,0.043602446372453724,-0.20585943088034037,2.466757202342794,0.16143033738192938
-0.5624667758942676,1.695051040430753,-0.7465783465402389,7.604600168011043,1.5516308711766882
0.632407739055521,-0.622649361734452,-0.1767741631157821,7.624054895124775,0.8504742653355578
0.9725544496267299,0.1946074552372427,-1.5486182988637467,3.1947204465921715,0.3527784463041342
0.6218099622171964,-0.7424705856980482,-0.4911537471421047,4.1657580668018,0.5025303162213632
-1.5702247198904564,-1.3200225112207058,-0.28487549336967083,2.1759337465589885,0.5682018071186151
-0.7271371758248686,-0.6117690909052854,-0.2561797524953801,9.767954130896753,1.184972343013013
-0.24751863555150475,-0.03703679704841202,-0.24149744587077882,6.491465512878275,0.1605399556482055
-0.07443342910004629,-0.42930222451725997,-0.061764199860128925,9.351984419083603,0.43250820499126436
0.620672097550678,-0.692420979873856,0.4794415180860639,3.1035168819284187,0.3544767520217301
0.17770100093325383,-1.4063174636718339,0.8745170741325226,7.840720038669208,1.1323072555264284
-1.3353443587101013,-0.08310557262869477,-0.6497652268482671,7.682000574458946,0.980829479514387
0.3801978510059632,-1.5047203740310022,-1.2032008553891445,6.947390953478761,1.1726096301405262
0.6105857452838231,0.7600559636896026,-1.042044412243103,9.659825855141325,1.1886226019386186
0.5597904479310398,0.08243975293450329,-0.48720292119492714,3.9961978274525243,0.23907229670202254
1.0807807255546218,-1.4575514994649306,-0.3519213178165091,1.3941015035385973,0.3126377965057164
0.8339221545489041,-0.30920907704986345,-0.7699960661974573,6.749917706516201,0.6869501797993895
0.4591800792284367,-0.7521564055905832,-1.2961166642498945,7.320167024724341,0.7958313193057543
-0.07016571145864703,0.31917451041918043,-0.4561208274741882,5.793099677242265,0.19122418310510897
-1.6609609335159914,1.3404504460231446,0.18142662011397137,2.1474971420206233,0.5983024514423806
0.42961821913258585,-1.8751724696457446,0.5950294658355647,5.094113822526618,1.0510140036041231
0.20768768716311115,0.11502607914741717,-0.5574230531083212,3.1906783920343815,0.10098699354991722
0.27157883719537346,-0.1601327955666404,-0.41299782214343406,4.331918628850222,0.17040727061925792
-1.2767485758203094,0.6713400764504657,-0.9266983088473107,6.487663900862173,1.1276236577466516
-1.0810565404082624,0.21319662823768915,-0.03143917037477642,7.477625952639261,0.8709551503916036
1.0531528533329035,-0.7519693317388191,-0.8484286341908146,2.399024439923297,0.3975879293062402
-0.03955515385665504,-0.31905393566661816,0.5731278132412001,4.112721070404838,0.13085471091603237
0.6815006973726244,-0.796025856803489,-1.7858664919341112,2.764699552817129,0.3795736597830624
0.028318376130461172,1.0760071385985983,-0.3596296724524624,2.066452977232504,0.21559846122493007
0.02975613949574519,0.02131164867194222,0.3011073391917421,7.8555334779588,0.045293973310275196
0.9382838059759977,1.9011906857530074,0.18383451632250436,9.101601674926226,2.3213423533620605
-0.5160447282173739,-0.060660813814620775,2.6930336639804966,3.7652986382773097,0.18463374881118938
0.09612077694098337,-0.7084067669104628,0.34980002456790754,7.537661351300292,0.5396471795474757
-0.4622752887050425,-1.5137143926128271,-1.0040545968420103,8.98025336470767,1.5990023279920862
-0.4344962274323156,-1.803139676255945,-0.09546424708907303,8.476629684249293,1.712542850272455
-0.30917212346863937,-1.5841359430054898,-1.7762463334664518,1.9098525465383367,0.3037188168447426
0.22213377163371284,0.2671266510114834,-0.08059974929676088,9.567289626982276,0.42119952296585406
-0.4787486216634773,0.5087250232299338,-0.8330560570007587,3.8290967602516788,0.3418827843578068
1.2557561255735208,-1.5811907020321334,0.9153902755601617,3.45848254562098,0.8802623551884514
-0.8946073022195039,0.8950383140761154,-0.5495402745955349,0.7180701400500253,0.12857093544015663
-0.18687164416135904,-0.4830610516834395,-0.11676591579524663,4.913119175638341,0.30044912643330385
-0.4397310582741749,0.14679301198554937,-0.6355578414044034,1.1792347948451942,0.07535038233061345
1.4469778843537329,1.6122206282554243,1.7388513518533313,2.5605442271815173,0.7028295730102272
0.19655477651157463,0.8968393158655319,-0.3212427661179117,3.237731955496086,0.327985304280669
1.0318445394686349,-0.2685306479058323,1.8325570434792018,8.107380602567671,0.9651879552614802
-1.485560373036972,-0.8911922254152874,0.8141517621182666,8.767337638919376,1.8885182608256197
0.26705026586925884,-2.151815401329305,0.48206672733538614,3.09441654286855,0.6627265982657534
0.889630795623437,-0.7191533192424201,0.3687331473175197,8.601111400321281,1.2428230644171416
0.08228398927542419,-0.21113023882769444,0.39379729821625153,8.586586279960931,0.2232967456293029
1.0654803750653512,-0.987179527151184,-1.92767257934561,7.670044408810248,1.4218518799074065
-0.5172884501003722,-0.13125696709230472,-0.2788833941507565,1.5522816287502974,0.09746879783680039
1.40934744018558,0.07685188295876821,0.8451579711843216,6.934196184317217,0.919114864071156
2.2988981236192503,-0.22485598180807856,-0.04889718347410554,9.45573823934763,2.148434623265148
-0.36283856043965906,-0.6500025808234597,-1.405189846803575,6.857150739794855,0.6048691209780741
-0.4455025214007718,0.16865467196672768,-0.05240445057746945,3.3830068061675562,0.2014122669277302
1.453384477117701,0.44194064956940904,1.7041055162554912,5.0557352425652295,0.8572798411132616
1.5795721457307124,-1.090399077442846,1.2468917155347194,6.49267792917543,1.5607323302993688
-0.5228600271532683,1.41093237974627,-0.062004009366031745,5.154647046412185,0.8940250615340308
-0.42018681709585726,-0.09858813228426173,0.9514492770580866,1.2875341231366013,0.07157491621011712
-0.2817846088605072,0.018849622944847662,-0.36650702036805183,3.1894340420550047,0.05792171036746109
-1.344450511034277,0.7082144232565571,-1.703871586826719,8.043720702480963,1.4858296050258124
-0.9186519464841982,0.23321613126350166,-0.9244659881295544,8.628038656345623,0.8933944195886143
-1.0041407667520679,0.9531366339132451,1.5628887685081978,1.4592703238841453,0.2525213505000822
-0.7677975651041284,0.2871241652018242,-0.2739930818293042,9.528628848747374,0.9219384523870979
-0.03468488738678118,-0.6124373746404379,-0.24338397937501807,3.3553439167012327,0.18654530248438964
0.23421473253652075,0.36150352520610163,-0.29983819627488056,6.656906013434128,0.36462560247749937
1.5505004928140769,-1.1437262073206618,1.904136589573007,7.543068944971143,1.8326089256119191
-0.998354040738791,0.10855970577652314,1.6259589153620633,8.138267722915046,0.8233676299038444
0.9843223984765838,-0.0332299906444608,2.218780233448134,9.462922052036708,0.8599398139426802
-0.21398884422550896,-0.2081168572725397,-0.1590452104000513,3.197903525485344,0.11415710899408905
-0.04946370965243295,-0.12853751143893075,0.29562448874709507,8.59921390006039,0.14872105079206593
0.6748194921666038,-1.881849045497639,-1.5166425494207911,1.40370034401845,0.3272448986107412
-1.1227220215622986,-0.5487249077409615,1.4769344261182744,7.079904972900568,1.0495823149374506
0.3824097461840506,0.09284490114111471,-1.167779551267935,7.44557952218846,0.31307611415079073
0.1664522082130561,0.15985639199740037,0.2167755637626291,6.809460087893072,0.20384251159072306
0.4924512640081491,-1.0276751409259581,-1.097302527632844,2.5979158877380146,0.36380209070282077
0.2891686439078181,1.2657078408647007,-0.5888668267386961,8.743127155450512,1.2167111470328142
2.4553001399108942,-0.8661748482145009,-0.8372624310497003,1.7716987873669108,0.5004762288876464
-0.637739984251316,0.9694572005267368,-0.6078752606758179,0.6309844360562253,0.09650270869152026
-0.5309969550018176,0.42719436187168486,-0.5391227031489786,7.2029034070579305,0.6089551481834932
-0.6231405264247644,-0.646227309843803,-0.5482687949250771,4.807209580804063,0.5290171621855061
-0.5554771191602547,1.775310892609512,0.8333339117803071,8.506070397590893,1.7560029626478675
-0.6373871273065177,-1.19363683175648,-1.10486279306252,3.8956316964767637,0.6501093560760541
1.1890165311075518,0.9191541736100015,0.22054142701386686,1.765958026226357,0.3363508624026611
1.4205042479898549,1.0005823180429783,1.2179591523055584,8.38077770545171,1.8238963845947718
-0.5707462937494763,-0.6706202090766449,-0.513196364513396,5.534205353236709,0.6321881867038424
-0.8323555731042287,1.3924653000643288,-0.7179188907476018,1.9730383446645137,0.4014423671796701
0.4714155563864041,-0.2500465145989528,-0.23052462518025083,7.231801586005813,0.48573534985476396
-0.5522230442809712,0.28869362927985703,1.1797252083607102,5.160025021046055,0.37659624213531223
0.6329318177555108,0.2603218387712207,0.1941076309533577,6.0826985241791665,0.4886598366050118
0.2029230208512997,-0.1343087414705478,-0.5312142946075985,4.662893548245161,0.12535568904196978
-1.515744114997232,0.8108082731597821,0.48387665118803974,8.304218939798263,1.7365242132364171
1.5475052013300616,0.793488720552213,-1.1022921498364233,8.312670885262193,1.7489059229929218
1.7958776730955217,-1.7485319732381808,0.681359510442948,7.122949336061423,2.278464666710042
-0.6127886904843862,1.3043402428781525,0.4086073077017676,1.1434736362249767,0.19775241414039457
-0.38770155993598415,-1.6624919880356743,-0.3078084711388841,8.404653232850281,1.55703899616639
0.28586539072490497,1.0325462043416573,-0.838585798447231,6.743028507275807,0.8071422286185007
0.334456789987025,1.1267051368275833,-0.8866809222834573,7.000539243442565,0.942152213645915
0.6585442726728304,-1.0909664302151982,0.5348173363459102,3.6935301199983295,0.5784153763210131
2.0102045387663496,-0.4108142879545848,1.2289805024890619,8.804867605954366,1.9090972946654081
-0.1769472274940494,-1.1057046684859357,-0.6373077470287948,7.2811788423250885,0.8429904423901505
-0.7982972445384537,-0.21492103028873533,0.45838670355148425,1.2146456186390253,0.10274030217054991
-1.3793192280145272,-0.30803428418574125,-2.0870270186020687,4.13700254062101,0.643072326705212
-0.7309300399419191,0.7796605322693398,-0.5846177306571996,8.875165583405403,1.203774550750091
-0.033126972873797095,1.3103087461196083,-0.031058932870901952,0.5672473468040521,0.06292966756933238
1.7945578635177877,1.395683810789956,-0.9096834169818336,9.61802453445629,2.7568308852787995
-0.5176112990361714,-0.5621680265783021,-0.936506374789596,6.8237094263636715,0.6703132068676445
0.2237879516388985,-0.20922187374452778,-0.6677795564688862,6.350622178669428,0.24591189222724383
-0.016422896072752075,-1.6834381922209503,0.29219272832637316,2.778536639231115,0.41866470018715585
1.188393273448084,-0.8058700664961888,-0.1873290184063747,2.563038708517853,0.4766771913492095
2.5269324258736217,0.9648516330974576,-2.238231233324972,9.426376372937096,2.9537766693528855
-0.5308687729203206,1.6155828235482317,-2.120700152635066,3.0528972969178154,0.5901163256544694
-0.48943944251822213,-1.234348871879922,-0.6068651778571754,7.777502437518094,1.2131321650458118
1.044160877069072,-0.5924642591528942,0.45768658605355206,3.9919058022500837,0.5716794528611813
0.6818914896263114,-0.02640575695892703,-2.7475048427252347,1.4786153007685694,0.09905952818044562
1.8467073257360336,0.2801611588196068,-0.4997301761516306,0.2060814471840536,0.02889665541925983
0.5839281853259639,-0.8096035199216461,-0.5262478565174211,5.488147636450983,0.696539523911016
-0.35929209078705954,0.4240610444640897,1.3883377782084478,9.760210303634434,0.6784857106664447
0.5906548306923093,-0.47383934707091613,-0.38502181171286365,3.7544483187111246,0.3666206441567716
1.1087035805829077,-0.014452270878279104,0.38298898474092846,3.636204106531144,0.37862048340513577
0.820482181197364,0.5462842480036996,0.14125714008746323,3.506507016709477,0.43994621193401184
0.5072740311072977,0.0064222698109378164,-2.1305664798072006,5.253383989318098,0.24539111951780218
1.066674689589154,-0.4363858905265686,0.7682072166317373,4.462582345900506,0.6013648354386087
1.1692955904456728,-0.10960980392583083,0.21539650545628794,8.811154804597443,1.008412811158437
1.3821589910375272,-0.08836295920533532,0.5082686396745896,5.104655838062554,0.6902961081557435
0.6487098875896427,-0.3700110298821277,3.9262377064363267,5.126802598066831,0.4630553419742604
-0.16711808031685435,-0.25879606266710237,-2.0841129394985884,1.4698787877335104,0.04597313403940341
0.14671368643332283,1.598647170504717,1.7246966497611085,9.829121455012821,1.550636435460561
1.2065089665083568,0.5609194479412387,-0.28744751940035557,2.574731619601414,0.40159747613401797
-0.8169356709872361,-0.29548031802916036,0.2873289044030093,0.8263042678500664,0.07322683216673981
0.3686733088729012,0.6969544045107356,-0.04551224530124217,6.665147864854567,0.6247949224512944
-0.3933388123273607,-0.33381948975600995,-0.4242363333980435,5.994127064553039,0.3874520348913078
0.028744822934817487,1.1731246375866413,-0.5698329282387588,4.209941974528182,0.4545549118387899
1.2784518626072987,0.3696421921980939,0.32950873557300914,4.279703115418712,0.6372327107534397
0.19109906801990334,-0.10730214400422888,-1.5171736966716791,7.872132818359669,0.22092792012220738
0.04643654815614881,0.4477169258102776,0.7505791675217656,2.037555136986526,0.0958868246772606
-1.3598561409799192,-1.5708761520684993,-0.41619440488525394,8.220507857554407,2.1663809837098356
0.7462535660272207,-1.1267674689098053,-1.1300693390403578,6.522596427560679,1.0975444712465656
0.6454841811410754,-1.1939250063990554,-0.4500128579958137,4.247800760417291,0.7083115117887885
2.16325472330546,0.14294309476370676,1.2571492168625729,4.634483304180299,0.9746488771873588
-0.30777823495300083,1.732514999485092,-0.5353350870162231,2.6408073511423487,0.4861850654739423
0.21915032766393897,2.2313001461926323,0.35845361820962024,7.54593189370005,1.6594926060724993
0.24938368371075526,0.6380511014407572,-0.7309562757154733,5.17745994882215,0.40359056514736363
1.5774532797634744,0.5008444749444569,0.7579218499236196,3.2764599732234516,0.5983992938725414
-0.0952955323869521,-1.801057734152739,0.6855077387902041,6.000896146033408,1.0308464075030659
0.27902152577033923,-0.5426737997340217,1.8486088332964115,9.957771075308099,0.7421826402884835
0.6078965097165392,-0.7877837519082389,-0.1755639454992155,4.409096568599883,0.5596056499663823
0.1866091231563581,-0.620847598251116,0.6686548047579066,9.214844867708333,0.6683663638007229
-0.44643361455052827,-0.1681438185847896,0.09806753953894455,3.5156667152532046,0.20852779576468047
0.19408999289830758,-0.47209057769712737,1.2958717818630143,0.6418537985573602,0.03364196273271289
1.073631749859772,-1.9792998103757877,-0.7188323876087304,2.1219968530474462,0.5926006970770898
-1.0265152994110602,0.7479102561175338,0.7450053128772811,4.245081918944074,0.6775449368559101
0.132969674146876,-1.0727430257398065,-0.19469729611668168,2.2743857930862332,0.24071951751813905
-0.7001208149391732,0.23924686411114954,-0.06418817710849775,0.10224767836072983,0.014569637861077855
1.1950466289248425,2.0740826697499735,0.09175248444837286,9.158515223700519,2.698729701701123
-1.5231869047837747,-0.9193845915864234,0.2522403964266774,8.454406171186196,1.8621139655154826
-0.5589218472715883,-2.5302875227463297,-0.11622904312195817,7.448693091720776,2.071764308620402
0.37721187506452086,-0.2860042218801108,0.21471318317052634,1.7613644968956836,0.10475594500635171
1.5655240292343404,1.100959634998571,1.5781180575621845,1.2915994044788621,0.3338463040785302
-0.0657502610729878,1.9583474542205939,0.9854496856152184,0.7692870197765932,0.15198265537409467
-0.5551995266931984,-1.2295495944524168,0.8691545924968965,7.26788896885192,1.174650529426669
1.8811570694405901,0.4966992232365217,-0.4555395260238707,9.295198810810064,1.9903562201392901
-1.448013900416244,-0.46531045678005334,-0.8892408282283243,4.362304627039066,0.7612569046841225
-2.198805956620082,-0.10594835430413566,0.9553005582377528,1.279492652760877,0.270582406416099
0.4400144500533324,2.6443433470170348,0.8760467925297942,5.172688925247855,1.4361601551844387
-0.5020542243526112,-1.5029703283951532,1.472670675750982,3.5534358838404385,0.6381897141816938
-1.0212328171307132,0.25373966149457344,-0.6039806259692295,3.8107667510649774,0.4364668723295062
0.7083564472993533,0.4676931717654332,-0.22954865536034708,6.251173179141502,0.629947827884583
0.24380071377119883,1.0857863249393471,-1.6394841625254342,7.215309321295804,0.8655103662423821
-0.5640786307367284,0.09798315347089544,-0.39247110606087293,1.1949756288442925,0.06631853192145157
-1.2803043986708944,0.3080505395041023,0.9965705105794472,0.45234328498411625,0.08059005212376272
0.8724573282801447,-0.3916485674217911,-0.46649537922819795,9.943869996588576,1.131502862698426
0.650201177958661,0.26912694124510733,0.6404797952008238,2.4040106542639634,0.1870170792043783
-0.09917586377938291,-0.3431922754974105,-0.19050310599781134,0.6329221965937448,0.02469981375599284
1.8466369960476658,0.6215718898560508,0.32405702822156063,1.979765758049608,0.4293215783917104
-1.0700847663261526,-0.36961033604363397,-1.1476913898156673,0.48568267884979577,0.06766522182125466
-1.5255251709247388,0.37710039390218647,0.08520944963390106,3.97892785671,0.6842463611134555
-0.6919080698812444,-0.029262813684978354,-2.9911359709007233,8.043777666068111,0.5316628385094557
-0.045586016355497805,1.1260502507721681,-0.18689615816198485,3.4783200526014344,0.358870515090527
0.24333944932269183,-0.05139372358848624,-1.6304732437151401,4.497415728095828,0.11963846563209023
-0.24123605785632987,-1.7730324682068814,1.205994516546816,6.788309058317644,1.216962737368046
0.3520553965142968,1.2619215007139917,0.7774073527645112,5.138051293691814,0.7533575954505728
-1.251539424190444,-0.9057323008626189,0.46667098196608103,8.62831229161111,1.6804139845502413
1.4437646040732595,-0.6537663386488198,1.52100622715938,8.67375318295299,1.6423699623802974
-0.0821511783925688,-0.5956612940434921,-0.9489165208248372,0.19811588536242108,0.012101877941341977
1.1172958315881276,1.3744380931708173,1.7473631979155582,7.802658434183671,1.7539411140464647
0.34272534637770413,-2.1356742139786955,0.9321915642603847,4.661262642392571,1.055765806608117
0.4567532191537839,3.1377485336599937,-0.23655528721894603,9.889521358906265,3.1964602247465876
0.5697672802322039,1.0560568090660518,1.1356201471829441,4.883997551166808,0.7160333302055626
0.44770856001731496,0.22323891412915967,-1.1062935124116342,9.870269859344145,0.5851576738225789
0.6427227598675439,-0.05489400061628639,-0.8245141615276735,7.570236675936792,0.46661854912067807
1.3291525301324314,0.28555407485765694,-0.6085897232397004,2.5611883576717327,0.37317923112899676
0.19652116970147013,0.5211224283793383,-0.5289777080640152,5.430110294940881,0.3617588855703503
0.7090037575885123,0.645215585950057,-1.0565576427602528,9.92214283083797,1.2067453893360827
-0.08973569428722672,0.5556044660034485,1.223083067095325,8.589553016744045,0.4965273515654557
1.4401172154494728,0.08958068125524882,-0.25885440036983165,1.0639322485330889,0.14240569060852148
-0.6763923020592697,-0.1973384203073261,0.35250496835687956,7.093082768418961,0.5524224230866643
1.8009404329108156,-0.1512732836535117,-0.5703513664136806,3.5212379001210494,0.6216285180683115
-0.04015795064434341,-0.194908280352681,-1.8206033005485172,0.16912439261544637,-0.01139458743302679
-1.4307751021180481,1.1337700968670645,0.2700573583914221,4.094461593367296,0.9578482597195801
0.12810441491078928,0.5935567222808619,-1.9122549754197768,2.424068775077216,0.15078783761547507
-0.6810516574748808,-2.9403886346642802,-0.06863404608546861,8.206805778152669,2.682060175183011
0.8406435489887241,0.655900776529761,-1.3683150388328105,3.4395730275730787,0.4505726287219446
-0.6526239793023909,0.19473619471877485,1.987275999230808,8.29248457014279,0.6390933064636246
-0.4461834332147797,-0.018708756445897416,0.9113627221747217,0.10591959446447356,0.011151153376015379
-1.889540730945531,-0.38851845308888583,0.10575379127148042,3.14740958525858,0.6491406987655226
-0.4523063192490767,1.1241127199860135,1.2637066776546686,2.4875356216468436,0.34298158110856425
-2.4238793266289567,0.9475264621228578,-0.8463159774657358,2.4123168745792487,0.7344563986693955
-1.5839028234857233,-0.7728776678236091,0.543479378670093,0.7750475356780807,0.15256496022576882
0.7604146561442974,0.4070522871245351,0.1998104337187135,1.9525302770639672,0.20262867732737258
0.7858001586508322,-0.971656734541286,0.26402008133367,5.599940741867637,0.8960430322531927
0.42545756178496474,-1.3796181647889305,1.2723535001067678,2.984474621093671,0.4928152618307882
-0.966976143129213,-0.6267172245899651,0.7324921027798023,4.232208345058565,0.6071876427547078
-0.047711356141979855,0.8623934723827588,0.28872366282502326,3.8309821154371666,0.304045513153387
-0.0036025390905684044,0.9531250453760867,-1.6548874362282961,8.771458757498957,0.7617265665597196
-1.1583646891925428,0.513085420097293,-0.9600462952794637,9.062460090204103,1.3634643041155583
1.5033983017671506,0.7250957868479971,-0.12270893359572414,4.980274019393014,0.9756628530887796
0.8773622905756714,0.5161782871149584,0.09337237427665124,3.368543908124484,0.4303045343965292
-0.22096417382966393,-0.6414815952229522,-1.1302037246739238,1.1573269696234,0.08958952901389992
0.02688583899453078,0.43192254467394064,2.411676675578421,9.53868850588274,0.40590323549292856
0.20838280794755248,0.8004095252276823,1.5163940552535728,0.6962467545129448,0.052260449727143804
-2.0417348684242906,0.7542913298135743,0.6021183203924835,3.0467377479259765,0.7349212324805536
-0.24717738252059693,1.188913371474643,0.07203686128374476,3.0508553915830414,0.3971083083500558
-0.6819842479977986,0.7083038472010638,-0.21220896990115168,3.271972732788128,0.41232426320577575
-1.0016200098949155,0.3514482075415829,-0.9519184600222356,1.726439748396852,0.1933324514826716
-0.2811002928859549,1.0701502383164274,0.07748051851886253,7.853298166144602,0.9452746032237569
1.7976865268495226,-0.026521259249060063,0.2577525401427507,1.3127288334632934,0.24307429175078543
0.6408428612670098,-0.8818746512277178,-1.2417605754816243,6.385575925616312,0.872052439895524
-0.5711789897827968,-0.16306696394376388,0.33417641724489744,1.326075664387593,0.09493950194582872
0.5725827813561586,-0.7449026448064491,-0.15525904882474875,0.7983028121702699,0.08815111058922222
